train_number,train_name,station_code,station_name,station_order,journey_progress,train_category,average_delay_minutes
12673,Cheran Express,MAS,CHENNAI CENTRAL,0,0.0,superfast,2.0
12673,Cheran Express,AJJ,ARAKKONAM,2,0.2222222222222222,superfast,16.0
12673,Cheran Express,KPD,KATPADI JN,3,0.3333333333333333,superfast,17.0
12673,Cheran Express,SA,SALEM JN,5,0.5555555555555556,superfast,25.0
12673,Cheran Express,ED,ERODE JN,6,0.6666666666666666,superfast,25.0
12673,Cheran Express,TUP,TIRUPPUR,7,0.7777777777777778,superfast,24.0
12673,Cheran Express,CBF,COIMBATORE NRTH,8,0.8888888888888888,superfast,13.0
12674,Cheran Express,CBE,COIMBATORE JN,0,0.0,superfast,5.0
12674,Cheran Express,ED,ERODE JN,2,0.25,superfast,21.0
12674,Cheran Express,SA,SALEM JN,3,0.375,superfast,24.0
12674,Cheran Express,JTJ,JOLARPETTAI,4,0.5,superfast,7.0
12674,Cheran Express,KPD,KATPADI JN,5,0.625,superfast,14.0
12674,Cheran Express,AJJ,ARAKKONAM,6,0.75,superfast,28.0
12674,Cheran Express,PER,PERAMBUR,7,0.875,superfast,32.0
12681,Kovai Express,MAS,CHENNAI CENTRAL,0,0.0,superfast,4.0
12681,Kovai Express,AJJ,ARAKKONAM,1,0.14285714285714285,superfast,15.0
12681,Kovai Express,KPD,KATPADI JN,2,0.2857142857142857,superfast,11.0
12681,Kovai Express,TUP,TIRUPPUR,5,0.7142857142857143,superfast,8.0
12681,Kovai Express,CBF,COIMBATORE NRTH,6,0.8571428571428571,superfast,7.0
12681,Kovai Express,CBE,COIMBATORE JN,7,1.0,superfast,0.0
12682,Kovai Express,CBE,COIMBATORE JN,0,0.0,superfast,3.0
12682,Kovai Express,TUP,TIRUPPUR,1,0.14285714285714285,superfast,16.0
12682,Kovai Express,ED,ERODE JN,2,0.2857142857142857,superfast,43.0
12682,Kovai Express,SA,SALEM JN,3,0.42857142857142855,superfast,41.0
12682,Kovai Express,KPD,KATPADI JN,4,0.5714285714285714,superfast,1.0
12682,Kovai Express,PER,PERAMBUR,6,0.8571428571428571,superfast,11.0
12682,Kovai Express,MAS,CHENNAI CENTRAL,7,1.0,superfast,9.0
12637,Pandian Exp,MS,CHENNAI EGMORE,0,0.0,superfast,2.0
12637,Pandian Exp,TBM,TAMBARAM,1,0.09090909090909091,superfast,4.0
12637,Pandian Exp,VM,VILLUPURAM JN,4,0.36363636363636365,superfast,6.0
12637,Pandian Exp,VRI,VRIDHACHALAM JN,5,0.45454545454545453,superfast,7.0
12637,Pandian Exp,TPJ,TIRUCHCHIRAPALI,6,0.5454545454545454,superfast,8.0
12637,Pandian Exp,MPA,MANAPARAI,7,0.6363636363636364,superfast,14.0
12637,Pandian Exp,DG,DINDIGUL JN,8,0.7272727272727273,superfast,17.0
12637,Pandian Exp,ABI,AMBATURAI,9,0.8181818181818182,superfast,19.0
12637,Pandian Exp,KQN,KODAIKANAL ROAD,10,0.9090909090909091,superfast,21.0
12638,Pandian Exp,MDU,MADURAI JN,0,0.0,superfast,1.0
12638,Pandian Exp,KQN,KODAIKANAL ROAD,1,0.08333333333333333,superfast,6.0
12638,Pandian Exp,ABI,AMBATURAI,2,0.16666666666666666,superfast,10.0
12638,Pandian Exp,DG,DINDIGUL JN,3,0.25,superfast,7.0
12638,Pandian Exp,MPA,MANAPARAI,4,0.3333333333333333,superfast,8.0
12638,Pandian Exp,TPJ,TIRUCHCHIRAPALI,5,0.4166666666666667,superfast,6.0
12638,Pandian Exp,VRI,VRIDHACHALAM JN,6,0.5,superfast,21.0
12638,Pandian Exp,VM,VILLUPURAM JN,7,0.5833333333333334,superfast,12.0
12638,Pandian Exp,CGL,CHENGALPATTU,9,0.75,superfast,18.0
12638,Pandian Exp,TBM,TAMBARAM,10,0.8333333333333334,superfast,23.0
12638,Pandian Exp,MBM,MAMBALAM,11,0.9166666666666666,superfast,7.0
12631,Nellai Express,MS,CHENNAI EGMORE,0,0.0,superfast,3.0
12631,Nellai Express,TBM,TAMBARAM,1,0.07142857142857142,superfast,6.0
12631,Nellai Express,CGL,CHENGALPATTU,2,0.14285714285714285,superfast,7.0
12631,Nellai Express,MLMR,MELMARUVATTUR,3,0.21428571428571427,superfast,11.0
12631,Nellai Express,TMV,TINDIVANAM,4,0.2857142857142857,superfast,17.0
12631,Nellai Express,VM,VILLUPURAM JN,5,0.35714285714285715,superfast,10.0
12631,Nellai Express,VRI,VRIDHACHALAM JN,6,0.42857142857142855,superfast,12.0
12631,Nellai Express,TPJ,TIRUCHCHIRAPALI,7,0.5,superfast,11.0
12631,Nellai Express,DG,DINDIGUL JN,8,0.5714285714285714,superfast,13.0
12631,Nellai Express,SDN,SHOLAVANDAN,9,0.6428571428571429,superfast,16.0
12631,Nellai Express,MDU,MADURAI JN,10,0.7142857142857143,superfast,13.0
12631,Nellai Express,VPT,VIRUDUNAGAR JN,11,0.7857142857142857,superfast,16.0
12631,Nellai Express,SRT,SATUR,12,0.8571428571428571,superfast,15.0
12631,Nellai Express,CVP,KOVILPATTI,13,0.9285714285714286,superfast,17.0
12632,Nellai Express,TEN,TIRUNELVELI JN,0,0.0,superfast,3.0
12632,Nellai Express,CVP,KOVILPATTI,1,0.06666666666666667,superfast,8.0
12632,Nellai Express,SRT,SATUR,2,0.13333333333333333,superfast,9.0
12632,Nellai Express,VPT,VIRUDUNAGAR JN,3,0.2,superfast,7.0
12632,Nellai Express,MDU,MADURAI JN,4,0.26666666666666666,superfast,11.0
12632,Nellai Express,SDN,SHOLAVANDAN,5,0.3333333333333333,superfast,13.0
12632,Nellai Express,DG,DINDIGUL JN,6,0.4,superfast,9.0
12632,Nellai Express,TPJ,TIRUCHCHIRAPALI,7,0.4666666666666667,superfast,7.0
12632,Nellai Express,VRI,VRIDHACHALAM JN,8,0.5333333333333333,superfast,22.0
12632,Nellai Express,VM,VILLUPURAM JN,9,0.6,superfast,16.0
12632,Nellai Express,TMV,TINDIVANAM,10,0.6666666666666666,superfast,19.0
12632,Nellai Express,MLMR,MELMARUVATTUR,11,0.7333333333333333,superfast,20.0
12632,Nellai Express,CGL,CHENGALPATTU,12,0.8,superfast,19.0
12632,Nellai Express,TBM,TAMBARAM,13,0.8666666666666667,superfast,24.0
12632,Nellai Express,MBM,MAMBALAM,14,0.9333333333333333,superfast,9.0
20665,Vande Bharat,MS,CHENNAI EGMORE,0,0.0,vande_bharat_or_premium,1.0
20665,Vande Bharat,TBM,TAMBARAM,1,0.14285714285714285,vande_bharat_or_premium,3.0
20665,Vande Bharat,VM,VILLUPURAM JN,2,0.2857142857142857,vande_bharat_or_premium,7.0
20665,Vande Bharat,TPJ,TIRUCHCHIRAPALI,3,0.42857142857142855,vande_bharat_or_premium,7.0
20665,Vande Bharat,DG,DINDIGUL JN,4,0.5714285714285714,vande_bharat_or_premium,11.0
20665,Vande Bharat,MDU,MADURAI JN,5,0.7142857142857143,vande_bharat_or_premium,15.0
20665,Vande Bharat,VPT,VIRUDUNAGAR JN,6,0.8571428571428571,vande_bharat_or_premium,17.0
20666,Vande Bharat,TEN,TIRUNELVELI JN,0,0.0,vande_bharat_or_premium,0.0
20666,Vande Bharat,MDU,MADURAI JN,2,0.2857142857142857,vande_bharat_or_premium,2.0
20666,Vande Bharat,DG,DINDIGUL JN,3,0.42857142857142855,vande_bharat_or_premium,9.0
20666,Vande Bharat,TPJ,TIRUCHCHIRAPALI,4,0.5714285714285714,vande_bharat_or_premium,3.0
20666,Vande Bharat,VM,VILLUPURAM JN,5,0.7142857142857143,vande_bharat_or_premium,10.0
20666,Vande Bharat,TBM,TAMBARAM,6,0.8571428571428571,vande_bharat_or_premium,20.0
20666,Vande Bharat,MS,CHENNAI EGMORE,7,1.0,vande_bharat_or_premium,4.0
12621,Tamil Nadu Exp,BZA,VIJAYAWADA JN,1,0.08333333333333333,superfast,17.0
12621,Tamil Nadu Exp,KMT,KHAMMAM,2,0.16666666666666666,superfast,17.0
12621,Tamil Nadu Exp,WL,WARANGAL,3,0.25,superfast,28.0
12621,Tamil Nadu Exp,BPQ,BALHARSHAH,4,0.3333333333333333,superfast,22.0
12621,Tamil Nadu Exp,NGP,NAGPUR,5,0.4166666666666667,superfast,37.0
12621,Tamil Nadu Exp,ET,ITARSI JN,6,0.5,superfast,29.0
12621,Tamil Nadu Exp,VGLJ,V LAKSHMIBAI JHANSI,8,0.6666666666666666,superfast,34.0
12621,Tamil Nadu Exp,GWL,GWALIOR,9,0.75,superfast,51.0
12621,Tamil Nadu Exp,AGC,AGRA CANTT,10,0.8333333333333334,superfast,49.0
12621,Tamil Nadu Exp,NZM,H NIZAMUDDIN,11,0.9166666666666666,superfast,53.0
12621,Tamil Nadu Exp,NDLS,NEW DELHI,12,1.0,superfast,54.0
12622,Tamil Nadu Exp,NDLS,NEW DELHI,0,0.0,superfast,16.0
12622,Tamil Nadu Exp,AGC,AGRA CANTT,1,0.09090909090909091,superfast,37.0
12622,Tamil Nadu Exp,GWL,GWALIOR,2,0.18181818181818182,superfast,31.0
12622,Tamil Nadu Exp,VGLJ,V LAKSHMIBAI JHANSI,3,0.2727272727272727,superfast,37.0
12622,Tamil Nadu Exp,BPL,BHOPAL JN,4,0.36363636363636365,superfast,39.0
12622,Tamil Nadu Exp,ET,ITARSI JN,5,0.45454545454545453,superfast,35.0
12622,Tamil Nadu Exp,NGP,NAGPUR,6,0.5454545454545454,superfast,45.0
12622,Tamil Nadu Exp,BPQ,BALHARSHAH,7,0.6363636363636364,superfast,46.0
12622,Tamil Nadu Exp,WL,WARANGAL,8,0.7272727272727273,superfast,64.0
12622,Tamil Nadu Exp,KMT,KHAMMAM,9,0.8181818181818182,superfast,82.0
12622,Tamil Nadu Exp,BZA,VIJAYAWADA JN,10,0.9090909090909091,superfast,67.0
12622,Tamil Nadu Exp,MAS,CHENNAI CENTRAL,11,1.0,superfast,36.0
12839,Howrah Mail,HWH,HOWRAH JN,0,0.0,superfast,45.0
12839,Howrah Mail,KGP,KHARAGPUR JN,1,0.014492753623188406,superfast,68.0
12839,Howrah Mail,BLS,BALASORE,2,0.028985507246376812,superfast,87.0
12839,Howrah Mail,BHC,BHADRAKH,3,0.043478260869565216,superfast,81.0
12839,Howrah Mail,JJKR,JAJPUR K ROAD,4,0.057971014492753624,superfast,90.0
12839,Howrah Mail,CTC,CUTTACK,5,0.07246376811594203,superfast,104.0
12839,Howrah Mail,BBS,BHUBANESWAR,6,0.08695652173913043,superfast,111.0
12839,Howrah Mail,KUR,KHURDA ROAD JN,7,0.10144927536231885,superfast,104.0
12839,Howrah Mail,BALU,BALUGAN,8,0.11594202898550725,superfast,115.0
12839,Howrah Mail,CAP,CHATRAPUR,9,0.13043478260869565,superfast,119.0
12839,Howrah Mail,BAM,BRAHMAPUR,10,0.14492753623188406,superfast,139.0
12839,Howrah Mail,IPM,ICHCHPURAM,11,0.15942028985507245,superfast,135.0
12839,Howrah Mail,SPT,SOMPETA,12,0.17391304347826086,superfast,135.0
12839,Howrah Mail,PSA,PALASA,13,0.18840579710144928,superfast,104.0
12839,Howrah Mail,NWP,NAUPADA JN,14,0.2028985507246377,superfast,99.0
12839,Howrah Mail,CHE,SRIKAKULAM ROAD,15,0.21739130434782608,superfast,98.0
12839,Howrah Mail,CPP,CHIPURUPALLE,16,0.2318840579710145,superfast,106.0
12839,Howrah Mail,VZM,VIZIANAGRAM JN,17,0.2463768115942029,superfast,98.0
12839,Howrah Mail,VSKP,VISAKHAPATNAM,18,0.2608695652173913,superfast,103.0
12839,Howrah Mail,AKP,ANAKAPALLE,19,0.2753623188405797,superfast,106.0
12839,Howrah Mail,TUNI,TUNI,20,0.2898550724637681,superfast,112.0
12839,Howrah Mail,ANV,ANNAVARAM,21,0.30434782608695654,superfast,114.0
12839,Howrah Mail,SLO,SAMALKOT JN,22,0.3188405797101449,superfast,132.0
12839,Howrah Mail,RJY,RAJAMUNDRY,23,0.3333333333333333,superfast,140.0
12839,Howrah Mail,NDD,NIDADAVOLU JN,24,0.34782608695652173,superfast,145.0
12839,Howrah Mail,TDD,TADEPALLIGUDEM,25,0.36231884057971014,superfast,144.0
12839,Howrah Mail,EE,ELURU,26,0.37681159420289856,superfast,147.0
12839,Howrah Mail,BZA,VIJAYAWADA JN,27,0.391304347826087,superfast,106.0
12839,Howrah Mail,TEL,TENALI JN,28,0.4057971014492754,superfast,127.0
12839,Howrah Mail,BPP,BAPATLA,29,0.42028985507246375,superfast,133.0
12839,Howrah Mail,CLX,CHIRALA,30,0.43478260869565216,superfast,133.0
12839,Howrah Mail,NLR,NELLORE,32,0.463768115942029,superfast,113.0
12839,Howrah Mail,GDR,GUDUR JN,33,0.4782608695652174,superfast,90.0
12839,Howrah Mail,MAS,CHENNAI CENTRAL,34,0.4927536231884058,superfast,73.0
12840,Howrah Mail,MAS,CHENNAI CENTRAL,0,0.0,superfast,56.0
12840,Howrah Mail,GDR,GUDUR JN,1,0.014084507042253521,superfast,73.0
12840,Howrah Mail,NLR,NELLORE,2,0.028169014084507043,superfast,81.0
12840,Howrah Mail,OGL,ONGOLE,3,0.04225352112676056,superfast,82.0
12840,Howrah Mail,CLX,CHIRALA,4,0.056338028169014086,superfast,84.0
12840,Howrah Mail,BPP,BAPATLA,5,0.07042253521126761,superfast,85.0
12840,Howrah Mail,TEL,TENALI JN,6,0.08450704225352113,superfast,77.0
12840,Howrah Mail,BZA,VIJAYAWADA JN,7,0.09859154929577464,superfast,84.0
12840,Howrah Mail,EE,ELURU,8,0.11267605633802817,superfast,94.0
12840,Howrah Mail,TDD,TADEPALLIGUDEM,9,0.1267605633802817,superfast,99.0
12840,Howrah Mail,NDD,NIDADAVOLU JN,10,0.14084507042253522,superfast,103.0
12840,Howrah Mail,SLO,SAMALKOT JN,12,0.16901408450704225,superfast,121.0
12840,Howrah Mail,ANV,ANNAVARAM,13,0.18309859154929578,superfast,124.0
12840,Howrah Mail,TUNI,TUNI,14,0.19718309859154928,superfast,124.0
12840,Howrah Mail,AKP,ANAKAPALLE,15,0.2112676056338028,superfast,128.0
12840,Howrah Mail,VSKP,VISAKHAPATNAM,16,0.22535211267605634,superfast,79.0
12840,Howrah Mail,VZM,VIZIANAGRAM JN,17,0.23943661971830985,superfast,89.0
12840,Howrah Mail,CPP,CHIPURUPALLE,18,0.2535211267605634,superfast,91.0
12840,Howrah Mail,CHE,SRIKAKULAM ROAD,19,0.2676056338028169,superfast,91.0
12840,Howrah Mail,NWP,NAUPADA JN,20,0.28169014084507044,superfast,96.0
12840,Howrah Mail,PSA,PALASA,21,0.29577464788732394,superfast,77.0
12840,Howrah Mail,SPT,SOMPETA,22,0.30985915492957744,superfast,83.0
12840,Howrah Mail,IPM,ICHCHPURAM,23,0.323943661971831,superfast,88.0
12840,Howrah Mail,BAM,BRAHMAPUR,24,0.3380281690140845,superfast,99.0
12840,Howrah Mail,CAP,CHATRAPUR,25,0.352112676056338,superfast,103.0
12840,Howrah Mail,BALU,BALUGAN,26,0.36619718309859156,superfast,108.0
12840,Howrah Mail,KUR,KHURDA ROAD JN,27,0.38028169014084506,superfast,117.0
12840,Howrah Mail,BBS,BHUBANESWAR,28,0.39436619718309857,superfast,121.0
12840,Howrah Mail,CTC,CUTTACK,29,0.4084507042253521,superfast,124.0
12840,Howrah Mail,JJKR,JAJPUR K ROAD,30,0.4225352112676056,superfast,127.0
12840,Howrah Mail,BHC,BHADRAKH,31,0.43661971830985913,superfast,87.0
12840,Howrah Mail,BLS,BALASORE,32,0.4507042253521127,superfast,101.0
12840,Howrah Mail,KGP,KHARAGPUR JN,33,0.4647887323943662,superfast,123.0
12840,Howrah Mail,SRC,SANTRAGACHI JN,34,0.4788732394366197,superfast,158.0
12840,Howrah Mail,HWH,HOWRAH JN,35,0.49295774647887325,superfast,129.0
12433,Rajdhani,MAS,CHENNAI CENTRAL,0,0.0,superfast,2.0
12433,Rajdhani,BZA,VIJAYAWADA JN,1,0.1111111111111111,superfast,14.0
12433,Rajdhani,WL,WARANGAL,2,0.2222222222222222,superfast,18.0
12433,Rajdhani,BPQ,BALHARSHAH,3,0.3333333333333333,superfast,13.0
12433,Rajdhani,NGP,NAGPUR,4,0.4444444444444444,superfast,16.0
12433,Rajdhani,BPL,BHOPAL JN,5,0.5555555555555556,superfast,7.0
12433,Rajdhani,VGLJ,V LAKSHMIBAI JHANSI,6,0.6666666666666666,superfast,5.0
12433,Rajdhani,GWL,GWALIOR,7,0.7777777777777778,superfast,13.0
12433,Rajdhani,AGC,AGRA CANTT,8,0.8888888888888888,superfast,7.0
12433,Rajdhani,NZM,H NIZAMUDDIN,9,1.0,superfast,2.0
12434,Rajdhani,NZM,H NIZAMUDDIN,0,0.0,superfast,0.0
12434,Rajdhani,AGC,AGRA CANTT,1,0.1111111111111111,superfast,10.0
12434,Rajdhani,VGLJ,V LAKSHMIBAI JHANSI,3,0.3333333333333333,superfast,4.0
12434,Rajdhani,BPL,BHOPAL JN,4,0.4444444444444444,superfast,10.0
12434,Rajdhani,NGP,NAGPUR,5,0.5555555555555556,superfast,6.0
12434,Rajdhani,BPQ,BALHARSHAH,6,0.6666666666666666,superfast,1.0
12434,Rajdhani,WL,WARANGAL,7,0.7777777777777778,superfast,7.0
12434,Rajdhani,BZA,VIJAYAWADA JN,8,0.8888888888888888,superfast,16.0
12295,Sanghamitra Express,SMVB,SMVT BENGALURU,0,0.0,superfast,19.0
12295,Sanghamitra Express,BWT,BANGARAPET,2,0.05714285714285714,superfast,31.0
12295,Sanghamitra Express,KPN,KUPPAM,3,0.08571428571428572,superfast,30.0
12295,Sanghamitra Express,JTJ,JOLARPETTAI,4,0.11428571428571428,superfast,30.0
12295,Sanghamitra Express,KPD,KATPADI JN,5,0.14285714285714285,superfast,24.0
12295,Sanghamitra Express,AJJ,ARAKKONAM,6,0.17142857142857143,superfast,29.0
12295,Sanghamitra Express,PER,PERAMBUR,7,0.2,superfast,33.0
12295,Sanghamitra Express,GDR,GUDUR JN,8,0.22857142857142856,superfast,46.0
12295,Sanghamitra Express,NLR,NELLORE,9,0.2571428571428571,superfast,60.0
12295,Sanghamitra Express,OGL,ONGOLE,10,0.2857142857142857,superfast,61.0
12295,Sanghamitra Express,BZA,VIJAYAWADA JN,11,0.3142857142857143,superfast,54.0
12295,Sanghamitra Express,KMT,KHAMMAM,12,0.34285714285714286,superfast,38.0
12295,Sanghamitra Express,WL,WARANGAL,13,0.37142857142857144,superfast,62.0
12295,Sanghamitra Express,RDM,RAMGUNDAM,14,0.4,superfast,57.0
12295,Sanghamitra Express,BPQ,BALHARSHAH,16,0.45714285714285713,superfast,32.0
12295,Sanghamitra Express,CD,CHANDRAPUR,17,0.4857142857142857,superfast,35.0
12295,Sanghamitra Express,SEGM,SEVAGRAM,18,0.5142857142857142,superfast,44.0
12295,Sanghamitra Express,NGP,NAGPUR,19,0.5428571428571428,superfast,31.0
12295,Sanghamitra Express,BZU,BETUL,20,0.5714285714285714,superfast,64.0
12295,Sanghamitra Express,GDYA,GHORADONGRI,21,0.6,superfast,73.0
12295,Sanghamitra Express,ET,ITARSI JN,22,0.6285714285714286,superfast,26.0
12295,Sanghamitra Express,NU,NARSINGHPUR,24,0.6857142857142857,superfast,54.0
12295,Sanghamitra Express,JBP,JABALPUR,25,0.7142857142857143,superfast,43.0
12295,Sanghamitra Express,KTE,KATNI,26,0.7428571428571429,superfast,60.0
12295,Sanghamitra Express,MYR,MAIHAR,27,0.7714285714285715,superfast,70.0
12295,Sanghamitra Express,STA,SATNA,28,0.8,superfast,62.0
12295,Sanghamitra Express,PCOI,PRAYAGRAJ CHHEOKI,29,0.8285714285714286,superfast,70.0
12295,Sanghamitra Express,MZP,MIRZAPUR,30,0.8571428571428571,superfast,29.0
12295,Sanghamitra Express,DDU,PT DEEN DAYAL UPADHYAY JN,31,0.8857142857142857,superfast,12.0
12295,Sanghamitra Express,BXR,BUXAR,33,0.9428571428571428,superfast,19.0
12295,Sanghamitra Express,ARA,ARA,34,0.9714285714285714,superfast,23.0
12295,Sanghamitra Express,DNR,DANAPUR,35,1.0,superfast,4.0
12296,Sanghamitra Express,DNR,DANAPUR,0,0.0,superfast,5.0
12296,Sanghamitra Express,ARA,ARA,1,0.02857142857142857,superfast,23.0
12296,Sanghamitra Express,BXR,BUXAR,2,0.05714285714285714,superfast,34.0
12296,Sanghamitra Express,DLN,DILDARNAGAR JN,3,0.08571428571428572,superfast,45.0
12296,Sanghamitra Express,DDU,PT DEEN DAYAL UPADHYAY JN,4,0.11428571428571428,superfast,21.0
12296,Sanghamitra Express,MZP,MIRZAPUR,5,0.14285714285714285,superfast,21.0
12296,Sanghamitra Express,PCOI,PRAYAGRAJ CHHEOKI,6,0.17142857142857143,superfast,28.0
12296,Sanghamitra Express,STA,SATNA,7,0.2,superfast,20.0
12296,Sanghamitra Express,MYR,MAIHAR,8,0.22857142857142856,superfast,29.0
12296,Sanghamitra Express,KTE,KATNI,9,0.2571428571428571,superfast,47.0
12296,Sanghamitra Express,JBP,JABALPUR,10,0.2857142857142857,superfast,38.0
12296,Sanghamitra Express,ET,ITARSI JN,13,0.37142857142857144,superfast,8.0
12296,Sanghamitra Express,GDYA,GHORADONGRI,14,0.4,superfast,13.0
12296,Sanghamitra Express,BZU,BETUL,15,0.42857142857142855,superfast,27.0
12296,Sanghamitra Express,NGP,NAGPUR,16,0.45714285714285713,superfast,22.0
12296,Sanghamitra Express,SEGM,SEVAGRAM,17,0.4857142857142857,superfast,41.0
12296,Sanghamitra Express,BPQ,BALHARSHAH,19,0.5428571428571428,superfast,10.0
12296,Sanghamitra Express,RDM,RAMGUNDAM,21,0.6,superfast,43.0
12296,Sanghamitra Express,WL,WARANGAL,22,0.6285714285714286,superfast,51.0
12296,Sanghamitra Express,KMT,KHAMMAM,23,0.6571428571428571,superfast,57.0
12296,Sanghamitra Express,BZA,VIJAYAWADA JN,24,0.6857142857142857,superfast,23.0
12296,Sanghamitra Express,OGL,ONGOLE,25,0.7142857142857143,superfast,29.0
12296,Sanghamitra Express,NLR,NELLORE,26,0.7428571428571429,superfast,25.0
12296,Sanghamitra Express,GDR,GUDUR JN,27,0.7714285714285715,superfast,14.0
12296,Sanghamitra Express,AJJ,ARAKKONAM,29,0.8285714285714286,superfast,32.0
12296,Sanghamitra Express,KPD,KATPADI JN,30,0.8571428571428571,superfast,37.0
12296,Sanghamitra Express,JTJ,JOLARPETTAI,31,0.8857142857142857,superfast,31.0
12296,Sanghamitra Express,KPN,KUPPAM,32,0.9142857142857143,superfast,46.0
12296,Sanghamitra Express,BWT,BANGARAPET,33,0.9428571428571428,superfast,49.0
12296,Sanghamitra Express,KJM,KRISHNARAJAPURM,34,0.9714285714285714,superfast,45.0
12296,Sanghamitra Express,SMVB,SMVT BENGALURU,35,1.0,superfast,10.0
12841,Coromandel Express,HWH,HOWRAH JN,0,0.0,superfast,18.0
12841,Coromandel Express,SRC,SANTRAGACHI JN,2,0.125,superfast,20.0
12841,Coromandel Express,KGP,KHARAGPUR JN,3,0.1875,superfast,34.0
12841,Coromandel Express,BLS,BALASORE,4,0.25,superfast,53.0
12841,Coromandel Express,JJKR,JAJPUR K ROAD,6,0.375,superfast,36.0
12841,Coromandel Express,CTC,CUTTACK,7,0.4375,superfast,48.0
12841,Coromandel Express,BBS,BHUBANESWAR,8,0.5,superfast,49.0
12841,Coromandel Express,KUR,KHURDA ROAD JN,9,0.5625,superfast,71.0
12841,Coromandel Express,BAM,BRAHMAPUR,10,0.625,superfast,63.0
12841,Coromandel Express,VSKP,VISAKHAPATNAM,11,0.6875,superfast,48.0
12841,Coromandel Express,TDD,TADEPALLIGUDEM,13,0.8125,superfast,71.0
12841,Coromandel Express,EE,ELURU,14,0.875,superfast,71.0
12841,Coromandel Express,BZA,VIJAYAWADA JN,15,0.9375,superfast,45.0
12841,Coromandel Express,MAS,CHENNAI CENTRAL,16,1.0,superfast,21.0
12842,Coromandel Express,MAS,CHENNAI CENTRAL,0,0.0,superfast,31.0
12842,Coromandel Express,OGL,ONGOLE,1,0.058823529411764705,superfast,50.0
12842,Coromandel Express,BZA,VIJAYAWADA JN,2,0.11764705882352941,superfast,56.0
12842,Coromandel Express,EE,ELURU,3,0.17647058823529413,superfast,68.0
12842,Coromandel Express,TDD,TADEPALLIGUDEM,4,0.23529411764705882,superfast,75.0
12842,Coromandel Express,RJY,RAJAMUNDRY,5,0.29411764705882354,superfast,100.0
12842,Coromandel Express,VSKP,VISAKHAPATNAM,6,0.35294117647058826,superfast,35.0
12842,Coromandel Express,KUR,KHURDA ROAD JN,8,0.47058823529411764,superfast,79.0
12842,Coromandel Express,BBS,BHUBANESWAR,9,0.5294117647058824,superfast,77.0
12842,Coromandel Express,CTC,CUTTACK,10,0.5882352941176471,superfast,80.0
12842,Coromandel Express,JJKR,JAJPUR K ROAD,11,0.6470588235294118,superfast,104.0
12842,Coromandel Express,BHC,BHADRAKH,12,0.7058823529411765,superfast,45.0
12842,Coromandel Express,BLS,BALASORE,13,0.7647058823529411,superfast,58.0
12842,Coromandel Express,KGP,KHARAGPUR JN,14,0.8235294117647058,superfast,89.0
12842,Coromandel Express,SRC,SANTRAGACHI JN,15,0.8823529411764706,superfast,51.0
12842,Coromandel Express,HWH,HOWRAH JN,16,0.9411764705882353,superfast,63.0
12625,Kerala Express,TVC,TRIVANDRUM CNTL,0,0.0,superfast,7.0
12625,Kerala Express,VAK,VARKALA,1,0.023809523809523808,superfast,8.0
12625,Kerala Express,QLN,KOLLAM JN,2,0.047619047619047616,superfast,10.0
12625,Kerala Express,MVLK,MAVELIKARA,4,0.09523809523809523,superfast,17.0
12625,Kerala Express,CNGR,CHENGANNUR,5,0.11904761904761904,superfast,17.0
12625,Kerala Express,TRVL,TIRUVALLA,6,0.14285714285714285,superfast,21.0
12625,Kerala Express,CGY,CHANGANASERI,7,0.16666666666666666,superfast,21.0
12625,Kerala Express,VARD,VAIKAM ROAD,9,0.21428571428571427,superfast,23.0
12625,Kerala Express,ERN,ERNAKULAM TOWN,10,0.23809523809523808,superfast,25.0
12625,Kerala Express,AWY,ALUVA,11,0.2619047619047619,superfast,27.0
12625,Kerala Express,TCR,THRISUR,12,0.2857142857142857,superfast,30.0
12625,Kerala Express,OTP,OTTAPPALAM,13,0.30952380952380953,superfast,17.0
12625,Kerala Express,PGT,PALAKKAD JN,14,0.3333333333333333,superfast,26.0
12625,Kerala Express,CBE,COIMBATORE JN,15,0.35714285714285715,superfast,17.0
12625,Kerala Express,TUP,TIRUPPUR,16,0.38095238095238093,superfast,18.0
12625,Kerala Express,ED,ERODE JN,17,0.40476190476190477,superfast,20.0
12625,Kerala Express,SA,SALEM JN,18,0.42857142857142855,superfast,18.0
12625,Kerala Express,JTJ,JOLARPETTAI,19,0.4523809523809524,superfast,12.0
12625,Kerala Express,KPD,KATPADI JN,20,0.47619047619047616,superfast,9.0
12625,Kerala Express,CTO,CHITTOOR,21,0.5,superfast,17.0
12625,Kerala Express,TPTY,TIRUPATI,22,0.5238095238095238,superfast,20.0
12625,Kerala Express,RU,RENIGUNTA JN,23,0.5476190476190477,superfast,31.0
12625,Kerala Express,GDR,GUDUR JN,24,0.5714285714285714,superfast,19.0
12625,Kerala Express,NLR,NELLORE,25,0.5952380952380952,superfast,27.0
12625,Kerala Express,BZA,VIJAYAWADA JN,26,0.6190476190476191,superfast,20.0
12625,Kerala Express,WL,WARANGAL,27,0.6428571428571429,superfast,84.0
12625,Kerala Express,RDM,RAMGUNDAM,28,0.6666666666666666,superfast,48.0
12625,Kerala Express,BPQ,BALHARSHAH,29,0.6904761904761905,superfast,18.0
12625,Kerala Express,CD,CHANDRAPUR,30,0.7142857142857143,superfast,19.0
12625,Kerala Express,SEGM,SEVAGRAM,31,0.7380952380952381,superfast,38.0
12625,Kerala Express,NGP,NAGPUR,32,0.7619047619047619,superfast,50.0
12625,Kerala Express,ET,ITARSI JN,33,0.7857142857142857,superfast,28.0
12625,Kerala Express,BPL,BHOPAL JN,34,0.8095238095238095,superfast,28.0
12625,Kerala Express,BINA,BINA JN,35,0.8333333333333334,superfast,25.0
12625,Kerala Express,VGLJ,V LAKSHMIBAI JHANSI,36,0.8571428571428571,superfast,38.0
12625,Kerala Express,GWL,GWALIOR,37,0.8809523809523809,superfast,45.0
12625,Kerala Express,AGC,AGRA CANTT,38,0.9047619047619048,superfast,43.0
12625,Kerala Express,MTJ,MATHURA JN,39,0.9285714285714286,superfast,60.0
12625,Kerala Express,FDB,FARIDABAD,40,0.9523809523809523,superfast,45.0
12625,Kerala Express,NZM,H NIZAMUDDIN,41,0.9761904761904762,superfast,60.0
12625,Kerala Express,NDLS,NEW DELHI,42,1.0,superfast,50.0
12626,Kerala Express,NDLS,NEW DELHI,0,0.0,superfast,35.0
12626,Kerala Express,MTJ,MATHURA JN,1,0.024390243902439025,superfast,63.0
12626,Kerala Express,AGC,AGRA CANTT,2,0.04878048780487805,superfast,68.0
12626,Kerala Express,GWL,GWALIOR,3,0.07317073170731707,superfast,64.0
12626,Kerala Express,VGLJ,V LAKSHMIBAI JHANSI,4,0.0975609756097561,superfast,64.0
12626,Kerala Express,BINA,BINA JN,5,0.12195121951219512,superfast,68.0
12626,Kerala Express,BPL,BHOPAL JN,6,0.14634146341463414,superfast,80.0
12626,Kerala Express,ET,ITARSI JN,7,0.17073170731707318,superfast,76.0
12626,Kerala Express,NGP,NAGPUR,8,0.1951219512195122,superfast,88.0
12626,Kerala Express,SEGM,SEVAGRAM,9,0.21951219512195122,superfast,103.0
12626,Kerala Express,CD,CHANDRAPUR,10,0.24390243902439024,superfast,116.0
12626,Kerala Express,RDM,RAMGUNDAM,12,0.2926829268292683,superfast,118.0
12626,Kerala Express,WL,WARANGAL,13,0.3170731707317073,superfast,128.0
12626,Kerala Express,BZA,VIJAYAWADA JN,14,0.34146341463414637,superfast,98.0
12626,Kerala Express,NLR,NELLORE,15,0.36585365853658536,superfast,103.0
12626,Kerala Express,GDR,GUDUR JN,16,0.3902439024390244,superfast,107.0
12626,Kerala Express,RU,RENIGUNTA JN,17,0.4146341463414634,superfast,107.0
12626,Kerala Express,TPTY,TIRUPATI,18,0.43902439024390244,superfast,114.0
12626,Kerala Express,CTO,CHITTOOR,19,0.4634146341463415,superfast,105.0
12626,Kerala Express,KPD,KATPADI JN,20,0.4878048780487805,superfast,98.0
12626,Kerala Express,SA,SALEM JN,22,0.5365853658536586,superfast,105.0
12626,Kerala Express,ED,ERODE JN,23,0.5609756097560976,superfast,105.0
12626,Kerala Express,CBE,COIMBATORE JN,25,0.6097560975609756,superfast,110.0
12626,Kerala Express,PGT,PALAKKAD JN,26,0.6341463414634146,superfast,108.0
12626,Kerala Express,OTP,OTTAPPALAM,27,0.6585365853658537,superfast,117.0
12626,Kerala Express,TCR,THRISUR,28,0.6829268292682927,superfast,110.0
12626,Kerala Express,AWY,ALUVA,29,0.7073170731707317,superfast,121.0
12626,Kerala Express,ERN,ERNAKULAM TOWN,30,0.7317073170731707,superfast,116.0
12626,Kerala Express,VARD,VAIKAM ROAD,31,0.7560975609756098,superfast,112.0
12626,Kerala Express,KTYM,KOTTAYAM,32,0.7804878048780488,superfast,113.0
12626,Kerala Express,CGY,CHANGANASERI,33,0.8048780487804879,superfast,113.0
12626,Kerala Express,TRVL,TIRUVALLA,34,0.8292682926829268,superfast,113.0
12626,Kerala Express,CNGR,CHENGANNUR,35,0.8536585365853658,superfast,114.0
12626,Kerala Express,MVLK,MAVELIKARA,36,0.8780487804878049,superfast,115.0
12626,Kerala Express,KYJ,KAYANKULAM JN,37,0.9024390243902439,superfast,117.0
12626,Kerala Express,QLN,KOLLAM JN,38,0.926829268292683,superfast,123.0
12626,Kerala Express,VAK,VARKALA,39,0.9512195121951219,superfast,126.0
12626,Kerala Express,TVP,TRIVANDRUM PETT,40,0.975609756097561,superfast,107.0
12626,Kerala Express,TVC,TRIVANDRUM CNTL,41,1.0,superfast,93.0
12951,Mumbai Rajdhani,MMCT,MUMBAI CENTRAL,0,0.0,superfast,7.0
12951,Mumbai Rajdhani,BVI,BORIVALI,1,0.14285714285714285,superfast,15.0
12951,Mumbai Rajdhani,ST,SURAT,2,0.2857142857142857,superfast,16.0
12951,Mumbai Rajdhani,BRC,VADODARA JN,3,0.42857142857142855,superfast,17.0
12951,Mumbai Rajdhani,RTM,RATLAM JN,4,0.5714285714285714,superfast,15.0
12951,Mumbai Rajdhani,NAD,NAGDA JN,5,0.7142857142857143,superfast,11.0
12951,Mumbai Rajdhani,KOTA,KOTA JN,6,0.8571428571428571,superfast,16.0
12951,Mumbai Rajdhani,NDLS,NEW DELHI,7,1.0,superfast,27.0
12952,Mumbai Rajdhani,NDLS,NEW DELHI,0,0.0,superfast,8.0
12952,Mumbai Rajdhani,KOTA,KOTA JN,1,0.14285714285714285,superfast,20.0
12952,Mumbai Rajdhani,NAD,NAGDA JN,2,0.2857142857142857,superfast,15.0
12952,Mumbai Rajdhani,RTM,RATLAM JN,3,0.42857142857142855,superfast,20.0
12952,Mumbai Rajdhani,BRC,VADODARA JN,4,0.5714285714285714,superfast,13.0
12952,Mumbai Rajdhani,ST,SURAT,5,0.7142857142857143,superfast,15.0
12952,Mumbai Rajdhani,BVI,BORIVALI,6,0.8571428571428571,superfast,28.0
12952,Mumbai Rajdhani,MMCT,MUMBAI CENTRAL,7,1.0,superfast,13.0
22301,Vande Bharat,HWH,HOWRAH JN,0,0.0,other,0.0
22301,Vande Bharat,BHP,BOLPUR S NIKTN,1,0.2,other,19.0
22301,Vande Bharat,MLDT,MALDA TOWN,2,0.4,other,5.0
22301,Vande Bharat,BOE,BARSOI JN,3,0.6,other,14.0
22301,Vande Bharat,NJP,NEW JALPAIGURI,5,1.0,other,7.0
22302,Vande Bharat,NJP,NEW JALPAIGURI,0,0.0,other,1.0
22302,Vande Bharat,BOE,BARSOI JN,2,0.4,other,11.0
22302,Vande Bharat,MLDT,MALDA TOWN,3,0.6,other,15.0
22302,Vande Bharat,BHP,BOLPUR S NIKTN,4,0.8,other,21.0
12001,Shatabdi,RKMP,RANI KAMLAPATI,0,0.0,superfast,3.0
12001,Shatabdi,BINA,BINA JN,2,0.2,superfast,6.0
12001,Shatabdi,LAR,LALITPUR,3,0.3,superfast,17.0
12001,Shatabdi,VGLJ,V LAKSHMIBAI JHANSI,4,0.4,superfast,18.0
12001,Shatabdi,GWL,GWALIOR,5,0.5,superfast,25.0
12001,Shatabdi,MRA,MORENA,6,0.6,superfast,28.0
12001,Shatabdi,DHO,DHAULPUR,7,0.7,superfast,16.0
12001,Shatabdi,AGC,AGRA CANTT,8,0.8,superfast,17.0
12001,Shatabdi,MTJ,MATHURA JN,9,0.9,superfast,22.0
12001,Shatabdi,NDLS,NEW DELHI,10,1.0,superfast,11.0
12002,Shatabdi,NDLS,NEW DELHI,0,0.0,superfast,1.0
12002,Shatabdi,MTJ,MATHURA JN,1,0.1,superfast,17.0
12002,Shatabdi,AGC,AGRA CANTT,2,0.2,superfast,22.0
12002,Shatabdi,DHO,DHAULPUR,3,0.3,superfast,14.0
12002,Shatabdi,MRA,MORENA,4,0.4,superfast,17.0
12002,Shatabdi,BINA,BINA JN,8,0.8,superfast,9.0
12002,Shatabdi,BPL,BHOPAL JN,9,0.9,superfast,13.0
12002,Shatabdi,RKMP,RANI KAMLAPATI,10,1.0,superfast,3.0
12903,Golden Temple Mail,ST,SURAT,2,0.06060606060606061,superfast,25.0
12903,Golden Temple Mail,BRC,VADODARA JN,3,0.09090909090909091,superfast,30.0
12903,Golden Temple Mail,GDA,GODHRA JN,4,0.12121212121212122,superfast,28.0
12903,Golden Temple Mail,DHD,DAHOD,5,0.15151515151515152,superfast,33.0
12903,Golden Temple Mail,MGN,MEGHNAGAR,6,0.18181818181818182,superfast,34.0
12903,Golden Temple Mail,RTM,RATLAM JN,7,0.21212121212121213,superfast,25.0
12903,Golden Temple Mail,NAD,NAGDA JN,8,0.24242424242424243,superfast,20.0
12903,Golden Temple Mail,SGZ,SHAMGARH,9,0.2727272727272727,superfast,24.0
12903,Golden Temple Mail,BWM,BHAWANI MANDI,10,0.30303030303030304,superfast,26.0
12903,Golden Temple Mail,RMA,RAMGANJ MANDI,11,0.3333333333333333,superfast,30.0
12903,Golden Temple Mail,KOTA,KOTA JN,12,0.36363636363636365,superfast,34.0
12903,Golden Temple Mail,SWM,SAWAI MADHOPUR,13,0.3939393939393939,superfast,42.0
12903,Golden Temple Mail,GGC,GANGAPUR CITY,14,0.42424242424242425,superfast,49.0
12903,Golden Temple Mail,SMVJ,SHRI MAHAVEERJI,15,0.45454545454545453,superfast,51.0
12903,Golden Temple Mail,HAN,HINDAUN CITY,16,0.48484848484848486,superfast,48.0
12903,Golden Temple Mail,BXN,BAYANA JN,17,0.5151515151515151,superfast,46.0
12903,Golden Temple Mail,BTE,BHARATPUR JN,18,0.5454545454545454,superfast,50.0
12903,Golden Temple Mail,MTJ,MATHURA JN,19,0.5757575757575758,superfast,37.0
12903,Golden Temple Mail,FDB,FARIDABAD,20,0.6060606060606061,superfast,37.0
12903,Golden Temple Mail,GZB,GHAZIABAD,22,0.6666666666666666,superfast,53.0
12903,Golden Temple Mail,MTC,MEERUT CITY,23,0.696969696969697,superfast,57.0
12903,Golden Temple Mail,MUT,MEERUT CANT,24,0.7272727272727273,superfast,60.0
12903,Golden Temple Mail,SKF,SAKHOTI TANDA,25,0.7575757575757576,superfast,61.0
12903,Golden Temple Mail,MOZ,MUZAFFARNAGAR,26,0.7878787878787878,superfast,63.0
12903,Golden Temple Mail,SRE,SAHARANPUR,27,0.8181818181818182,superfast,43.0
12903,Golden Temple Mail,YJUD,YAMUNANAGAR JAGADHRI,28,0.8484848484848485,superfast,44.0
12903,Golden Temple Mail,UMB,AMBALA CANT JN,29,0.8787878787878788,superfast,49.0
12903,Golden Temple Mail,LDH,LUDHIANA JN,30,0.9090909090909091,superfast,51.0
12903,Golden Temple Mail,JUC,JALANDHAR CITY,31,0.9393939393939394,superfast,44.0
12903,Golden Temple Mail,BEAS,BEAS,32,0.9696969696969697,superfast,45.0
12903,Golden Temple Mail,ASR,AMRITSAR JN,33,1.0,superfast,39.0
12904,Golden Temple Mail,ASR,AMRITSAR JN,0,0.0,superfast,2.0
12904,Golden Temple Mail,BEAS,BEAS,1,0.030303030303030304,superfast,13.0
12904,Golden Temple Mail,JUC,JALANDHAR CITY,2,0.06060606060606061,superfast,9.0
12904,Golden Temple Mail,LDH,LUDHIANA JN,3,0.09090909090909091,superfast,13.0
12904,Golden Temple Mail,UMB,AMBALA CANT JN,4,0.12121212121212122,superfast,9.0
12904,Golden Temple Mail,YJUD,YAMUNANAGAR JAGADHRI,5,0.15151515151515152,superfast,14.0
12904,Golden Temple Mail,SRE,SAHARANPUR,6,0.18181818181818182,superfast,9.0
12904,Golden Temple Mail,MOZ,MUZAFFARNAGAR,7,0.21212121212121213,superfast,9.0
12904,Golden Temple Mail,MUT,MEERUT CANT,9,0.2727272727272727,superfast,13.0
12904,Golden Temple Mail,MTC,MEERUT CITY,10,0.30303030303030304,superfast,16.0
12904,Golden Temple Mail,GZB,GHAZIABAD,11,0.3333333333333333,superfast,22.0
12904,Golden Temple Mail,NZM,H NIZAMUDDIN,12,0.36363636363636365,superfast,17.0
12904,Golden Temple Mail,FDB,FARIDABAD,13,0.3939393939393939,superfast,31.0
12904,Golden Temple Mail,MTJ,MATHURA JN,14,0.42424242424242425,superfast,27.0
12904,Golden Temple Mail,BTE,BHARATPUR JN,15,0.45454545454545453,superfast,28.0
12904,Golden Temple Mail,BXN,BAYANA JN,16,0.48484848484848486,superfast,35.0
12904,Golden Temple Mail,HAN,HINDAUN CITY,17,0.5151515151515151,superfast,35.0
12904,Golden Temple Mail,SMVJ,SHRI MAHAVEERJI,18,0.5454545454545454,superfast,36.0
12904,Golden Temple Mail,GGC,GANGAPUR CITY,19,0.5757575757575758,superfast,34.0
12904,Golden Temple Mail,SWM,SAWAI MADHOPUR,20,0.6060606060606061,superfast,35.0
12904,Golden Temple Mail,KOTA,KOTA JN,21,0.6363636363636364,superfast,32.0
12904,Golden Temple Mail,RMA,RAMGANJ MANDI,22,0.6666666666666666,superfast,35.0
12904,Golden Temple Mail,BWM,BHAWANI MANDI,23,0.696969696969697,superfast,38.0
12904,Golden Temple Mail,SGZ,SHAMGARH,24,0.7272727272727273,superfast,44.0
12904,Golden Temple Mail,MGN,MEGHNAGAR,27,0.8181818181818182,superfast,37.0
12904,Golden Temple Mail,DHD,DAHOD,28,0.8484848484848485,superfast,39.0
12904,Golden Temple Mail,BRC,VADODARA JN,30,0.9090909090909091,superfast,23.0
12904,Golden Temple Mail,ST,SURAT,31,0.9393939393939394,superfast,22.0
12904,Golden Temple Mail,BVI,BORIVALI,32,0.9696969696969697,superfast,27.0
17057,Devagiri Express,CSMT,C SHIVAJI TERM MUMBAI,0,0.0,express,3.0
17057,Devagiri Express,DR,DADAR,1,0.03571428571428571,express,10.0
17057,Devagiri Express,KYN,KALYAN JN,3,0.10714285714285714,express,16.0
17057,Devagiri Express,KSRA,KASARA,4,0.14285714285714285,express,21.0
17057,Devagiri Express,IGP,IGATPURI,5,0.17857142857142858,express,22.0
17057,Devagiri Express,NK,NASIK ROAD,6,0.21428571428571427,express,23.0
17057,Devagiri Express,MMR,MANMAD JN,7,0.25,express,20.0
17057,Devagiri Express,RGO,ROTEGAON,8,0.2857142857142857,express,17.0
17057,Devagiri Express,AWB,AURANGABAD,10,0.35714285714285715,express,22.0
17057,Devagiri Express,SELU,SELU,12,0.42857142857142855,express,58.0
17057,Devagiri Express,MVO,MANWATH ROAD,13,0.4642857142857143,express,54.0
17057,Devagiri Express,PBN,PARBHANI JN,14,0.5,express,48.0
17057,Devagiri Express,NED,H SAHIB NANDED,16,0.5714285714285714,express,37.0
17057,Devagiri Express,UMRI,UMRI,18,0.6428571428571429,express,38.0
17057,Devagiri Express,DAB,DHARMABAD,19,0.6785714285714286,express,44.0
17057,Devagiri Express,BSX,BASAR,20,0.7142857142857143,express,51.0
17057,Devagiri Express,NZB,NIZAMABAD,21,0.75,express,55.0
17057,Devagiri Express,KMC,KAMAREDDI,22,0.7857142857142857,express,57.0
17057,Devagiri Express,AKE,AKANAPET,23,0.8214285714285714,express,57.0
17057,Devagiri Express,MZL,MIRZAPALI,24,0.8571428571428571,express,60.0
17057,Devagiri Express,BMO,BOLARUM,25,0.8928571428571429,express,35.0
17057,Devagiri Express,SC,SECUNDERABAD JN,26,0.9285714285714286,express,52.0
17057,Devagiri Express,BMT,BEGUMPET,27,0.9642857142857143,express,36.0
17057,Devagiri Express,LPI,LINGAMPALLI,28,1.0,express,42.0
17058,Devagiri Express,LPI,LINGAMPALLI,0,0.0,express,2.0
17058,Devagiri Express,BMT,BEGUMPET,1,0.037037037037037035,express,4.0
17058,Devagiri Express,BMO,BOLARUM,3,0.1111111111111111,express,5.0
17058,Devagiri Express,MZL,MIRZAPALI,4,0.14814814814814814,express,17.0
17058,Devagiri Express,AKE,AKANAPET,5,0.18518518518518517,express,21.0
17058,Devagiri Express,KMC,KAMAREDDI,6,0.2222222222222222,express,29.0
17058,Devagiri Express,NZB,NIZAMABAD,7,0.25925925925925924,express,42.0
17058,Devagiri Express,BSX,BASAR,8,0.2962962962962963,express,54.0
17058,Devagiri Express,DAB,DHARMABAD,9,0.3333333333333333,express,57.0
17058,Devagiri Express,UMRI,UMRI,10,0.37037037037037035,express,53.0
17058,Devagiri Express,MUE,MUDKHED,11,0.4074074074074074,express,29.0
17058,Devagiri Express,NED,H SAHIB NANDED,12,0.4444444444444444,express,29.0
17058,Devagiri Express,PAU,PURNA JN,13,0.48148148148148145,express,24.0
17058,Devagiri Express,PBN,PARBHANI JN,14,0.5185185185185185,express,30.0
17058,Devagiri Express,MVO,MANWATH ROAD,15,0.5555555555555556,express,36.0
17058,Devagiri Express,SELU,SELU,16,0.5925925925925926,express,35.0
17058,Devagiri Express,PTU,PARTUR,17,0.6296296296296297,express,46.0
17058,Devagiri Express,AWB,AURANGABAD,18,0.6666666666666666,express,49.0
17058,Devagiri Express,LSR,LASUR,19,0.7037037037037037,express,43.0
17058,Devagiri Express,RGO,ROTEGAON,20,0.7407407407407407,express,41.0
17058,Devagiri Express,MMR,MANMAD JN,21,0.7777777777777778,express,53.0
17058,Devagiri Express,NK,NASIK ROAD,22,0.8148148148148148,express,62.0
17058,Devagiri Express,IGP,IGATPURI,23,0.8518518518518519,express,39.0
17058,Devagiri Express,KYN,KALYAN JN,24,0.8888888888888888,express,53.0
17058,Devagiri Express,TNA,THANE,25,0.9259259259259259,express,62.0
17058,Devagiri Express,DR,DADAR,26,0.9629629629629629,express,61.0
17058,Devagiri Express,CSMT,C SHIVAJI TERM MUMBAI,27,1.0,express,39.0
22651,Palakkad Superfast,MAS,CHENNAI CENTRAL,0,0.0,other,3.0
22651,Palakkad Superfast,TRL,TIRUVALLUR,1,0.05555555555555555,other,8.0
22651,Palakkad Superfast,AJJ,ARAKKONAM,2,0.1111111111111111,other,15.0
22651,Palakkad Superfast,KPD,KATPADI JN,3,0.16666666666666666,other,18.0
22651,Palakkad Superfast,GYM,GUDIYATTAM,4,0.2222222222222222,other,24.0
22651,Palakkad Superfast,JTJ,JOLARPETTAI,5,0.2777777777777778,other,12.0
22651,Palakkad Superfast,MAP,MORAPPUR,6,0.3333333333333333,other,17.0
22651,Palakkad Superfast,SA,SALEM JN,7,0.3888888888888889,other,14.0
22651,Palakkad Superfast,RASP,RASIPURAM,8,0.4444444444444444,other,14.0
22651,Palakkad Superfast,NMKL,NAMAKKAL,9,0.5,other,13.0
22651,Palakkad Superfast,MONR,MOHANUR,10,0.5555555555555556,other,13.0
22651,Palakkad Superfast,KRR,KARUR,11,0.6111111111111112,other,11.0
22651,Palakkad Superfast,DG,DINDIGUL JN,12,0.6666666666666666,other,17.0
22651,Palakkad Superfast,ODC,ODDANCHATRAM,13,0.7222222222222222,other,14.0
22651,Palakkad Superfast,UDT,UDUMALAIPPETTAI,15,0.8333333333333334,other,13.0
22651,Palakkad Superfast,POY,POLLACHI JN,16,0.8888888888888888,other,8.0
22651,Palakkad Superfast,PGTN,PALGHAT TOWN,17,0.9444444444444444,other,1.0
22652,Palakkad Superfast,PGT,PALAKKAD JN,0,0.0,other,1.0
22652,Palakkad Superfast,PGTN,PALGHAT TOWN,1,0.05263157894736842,other,3.0
22652,Palakkad Superfast,POY,POLLACHI JN,2,0.10526315789473684,other,1.0
22652,Palakkad Superfast,UDT,UDUMALAIPPETTAI,3,0.15789473684210525,other,2.0
22652,Palakkad Superfast,PLNI,PALANI,4,0.21052631578947367,other,7.0
22652,Palakkad Superfast,ODC,ODDANCHATRAM,5,0.2631578947368421,other,11.0
22652,Palakkad Superfast,DG,DINDIGUL JN,6,0.3157894736842105,other,5.0
22652,Palakkad Superfast,KRR,KARUR,7,0.3684210526315789,other,7.0
22652,Palakkad Superfast,MONR,MOHANUR,8,0.42105263157894735,other,11.0
22652,Palakkad Superfast,NMKL,NAMAKKAL,9,0.47368421052631576,other,13.0
22652,Palakkad Superfast,RASP,RASIPURAM,10,0.5263157894736842,other,13.0
22652,Palakkad Superfast,SA,SALEM JN,11,0.5789473684210527,other,5.0
22652,Palakkad Superfast,MAP,MORAPPUR,12,0.631578947368421,other,6.0
22652,Palakkad Superfast,JTJ,JOLARPETTAI,13,0.6842105263157895,other,3.0
22652,Palakkad Superfast,GYM,GUDIYATTAM,14,0.7368421052631579,other,5.0
22652,Palakkad Superfast,KPD,KATPADI JN,15,0.7894736842105263,other,7.0
22652,Palakkad Superfast,AJJ,ARAKKONAM,16,0.8421052631578947,other,10.0
22652,Palakkad Superfast,TRL,TIRUVALLUR,17,0.8947368421052632,other,12.0
22652,Palakkad Superfast,PER,PERAMBUR,18,0.9473684210526315,other,18.0
22652,Palakkad Superfast,MAS,CHENNAI CENTRAL,19,1.0,other,1.0
12839,Howrah Mail,HWH,HOWRAH JN,35,0.5072463768115942,superfast,45.0
12839,Howrah Mail,KGP,KHARAGPUR JN,36,0.5217391304347826,superfast,68.0
12839,Howrah Mail,BLS,BALASORE,37,0.5362318840579711,superfast,87.0
12839,Howrah Mail,BHC,BHADRAKH,38,0.5507246376811594,superfast,81.0
12839,Howrah Mail,JJKR,JAJPUR K ROAD,39,0.5652173913043478,superfast,90.0
12839,Howrah Mail,CTC,CUTTACK,40,0.5797101449275363,superfast,104.0
12839,Howrah Mail,BBS,BHUBANESWAR,41,0.5942028985507246,superfast,111.0
12839,Howrah Mail,KUR,KHURDA ROAD JN,42,0.6086956521739131,superfast,104.0
12839,Howrah Mail,CAP,CHATRAPUR,44,0.6376811594202898,superfast,119.0
12839,Howrah Mail,IPM,ICHCHPURAM,46,0.6666666666666666,superfast,135.0
12839,Howrah Mail,SPT,SOMPETA,47,0.6811594202898551,superfast,135.0
12839,Howrah Mail,PSA,PALASA,48,0.6956521739130435,superfast,104.0
12839,Howrah Mail,NWP,NAUPADA JN,49,0.7101449275362319,superfast,99.0
12839,Howrah Mail,CHE,SRIKAKULAM ROAD,50,0.7246376811594203,superfast,98.0
12839,Howrah Mail,CPP,CHIPURUPALLE,51,0.7391304347826086,superfast,106.0
12839,Howrah Mail,VSKP,VISAKHAPATNAM,53,0.7681159420289855,superfast,103.0
12839,Howrah Mail,AKP,ANAKAPALLE,54,0.782608695652174,superfast,106.0
12839,Howrah Mail,TUNI,TUNI,55,0.7971014492753623,superfast,112.0
12839,Howrah Mail,ANV,ANNAVARAM,56,0.8115942028985508,superfast,114.0
12839,Howrah Mail,SLO,SAMALKOT JN,57,0.8260869565217391,superfast,132.0
12839,Howrah Mail,RJY,RAJAMUNDRY,58,0.8405797101449275,superfast,140.0
12839,Howrah Mail,NDD,NIDADAVOLU JN,59,0.855072463768116,superfast,145.0
12839,Howrah Mail,TEL,TENALI JN,63,0.9130434782608695,superfast,127.0
12839,Howrah Mail,BPP,BAPATLA,64,0.927536231884058,superfast,133.0
12839,Howrah Mail,CLX,CHIRALA,65,0.9420289855072463,superfast,133.0
12839,Howrah Mail,OGL,ONGOLE,66,0.9565217391304348,superfast,127.0
12839,Howrah Mail,NLR,NELLORE,67,0.9710144927536232,superfast,113.0
12839,Howrah Mail,GDR,GUDUR JN,68,0.9855072463768116,superfast,90.0
12839,Howrah Mail,MAS,CHENNAI CENTRAL,69,1.0,superfast,73.0
12840,Howrah Mail,MAS,CHENNAI CENTRAL,36,0.5070422535211268,superfast,56.0
12840,Howrah Mail,GDR,GUDUR JN,37,0.5211267605633803,superfast,73.0
12840,Howrah Mail,NLR,NELLORE,38,0.5352112676056338,superfast,81.0
12840,Howrah Mail,OGL,ONGOLE,39,0.5492957746478874,superfast,82.0
12840,Howrah Mail,CLX,CHIRALA,40,0.5633802816901409,superfast,84.0
12840,Howrah Mail,BPP,BAPATLA,41,0.5774647887323944,superfast,85.0
12840,Howrah Mail,BZA,VIJAYAWADA JN,43,0.6056338028169014,superfast,84.0
12840,Howrah Mail,EE,ELURU,44,0.6197183098591549,superfast,94.0
12840,Howrah Mail,TDD,TADEPALLIGUDEM,45,0.6338028169014085,superfast,99.0
12840,Howrah Mail,NDD,NIDADAVOLU JN,46,0.647887323943662,superfast,103.0
12840,Howrah Mail,RJY,RAJAMUNDRY,47,0.6619718309859155,superfast,122.0
12840,Howrah Mail,SLO,SAMALKOT JN,48,0.676056338028169,superfast,121.0
12840,Howrah Mail,ANV,ANNAVARAM,49,0.6901408450704225,superfast,124.0
12840,Howrah Mail,TUNI,TUNI,50,0.704225352112676,superfast,124.0
12840,Howrah Mail,AKP,ANAKAPALLE,51,0.7183098591549296,superfast,128.0
12840,Howrah Mail,VSKP,VISAKHAPATNAM,52,0.7323943661971831,superfast,79.0
12840,Howrah Mail,VZM,VIZIANAGRAM JN,53,0.7464788732394366,superfast,89.0
12840,Howrah Mail,CPP,CHIPURUPALLE,54,0.7605633802816901,superfast,91.0
12840,Howrah Mail,CHE,SRIKAKULAM ROAD,55,0.7746478873239436,superfast,91.0
12840,Howrah Mail,NWP,NAUPADA JN,56,0.7887323943661971,superfast,96.0
12840,Howrah Mail,PSA,PALASA,57,0.8028169014084507,superfast,77.0
12840,Howrah Mail,SPT,SOMPETA,58,0.8169014084507042,superfast,83.0
12840,Howrah Mail,IPM,ICHCHPURAM,59,0.8309859154929577,superfast,88.0
12840,Howrah Mail,BAM,BRAHMAPUR,60,0.8450704225352113,superfast,99.0
12840,Howrah Mail,CAP,CHATRAPUR,61,0.8591549295774648,superfast,103.0
12840,Howrah Mail,BALU,BALUGAN,62,0.8732394366197183,superfast,108.0
12840,Howrah Mail,KUR,KHURDA ROAD JN,63,0.8873239436619719,superfast,117.0
12840,Howrah Mail,BBS,BHUBANESWAR,64,0.9014084507042254,superfast,121.0
12840,Howrah Mail,CTC,CUTTACK,65,0.9154929577464789,superfast,124.0
12840,Howrah Mail,JJKR,JAJPUR K ROAD,66,0.9295774647887324,superfast,127.0
12840,Howrah Mail,BHC,BHADRAKH,67,0.9436619718309859,superfast,87.0
12840,Howrah Mail,BLS,BALASORE,68,0.9577464788732394,superfast,101.0
12840,Howrah Mail,KGP,KHARAGPUR JN,69,0.971830985915493,superfast,123.0
12840,Howrah Mail,SRC,SANTRAGACHI JN,70,0.9859154929577465,superfast,158.0
12840,Howrah Mail,HWH,HOWRAH JN,71,1.0,superfast,129.0
12163,Chennai Express,LTT,LOKMANYATILAK T,0,0.0,superfast,12.0
12163,Chennai Express,TNA,THANE,1,0.04,superfast,11.0
12163,Chennai Express,KYN,KALYAN JN,2,0.08,superfast,24.0
12163,Chennai Express,LNL,LONAVALA,3,0.12,superfast,35.0
12163,Chennai Express,PUNE,PUNE JN,4,0.16,superfast,38.0
12163,Chennai Express,SUR,SOLAPUR JN,5,0.2,superfast,31.0
12163,Chennai Express,WADI,WADI,7,0.28,superfast,18.0
12163,Chennai Express,YG,YADGIR,8,0.32,superfast,23.0
12163,Chennai Express,SADP,SAIDAPUR,9,0.36,superfast,24.0
12163,Chennai Express,MALM,MANTHRALAYAM RD,11,0.44,superfast,30.0
12163,Chennai Express,AD,ADONI,12,0.48,superfast,27.0
12163,Chennai Express,GTL,GUNTAKAL JN,13,0.52,superfast,24.0
12163,Chennai Express,GY,GOOTY JN,14,0.56,superfast,25.0
12163,Chennai Express,TU,TADIPATRI,15,0.6,superfast,23.0
12163,Chennai Express,YA,YERRAGUNTLA,16,0.64,superfast,24.0
12163,Chennai Express,HX,CUDDAPAH,17,0.68,superfast,22.0
12163,Chennai Express,RJP,RAZAMPETA,18,0.72,superfast,28.0
12163,Chennai Express,RU,RENIGUNTA JN,20,0.8,superfast,18.0
12163,Chennai Express,PUT,PUTTUR,21,0.84,superfast,19.0
12163,Chennai Express,TRT,TIRUTTANI,22,0.88,superfast,18.0
12163,Chennai Express,AJJ,ARAKKONAM,23,0.92,superfast,33.0
12163,Chennai Express,PER,PERAMBUR,24,0.96,superfast,44.0
12163,Chennai Express,MAS,CHENNAI CENTRAL,25,1.0,superfast,6.0
12164,Chennai Express,MAS,CHENNAI CENTRAL,0,0.0,superfast,1.0
12164,Chennai Express,AJJ,ARAKKONAM,1,0.041666666666666664,superfast,13.0
12164,Chennai Express,TRT,TIRUTTANI,2,0.08333333333333333,superfast,12.0
12164,Chennai Express,PUT,PUTTUR,3,0.125,superfast,19.0
12164,Chennai Express,RU,RENIGUNTA JN,4,0.16666666666666666,superfast,23.0
12164,Chennai Express,KOU,KODURU,5,0.20833333333333334,superfast,26.0
12164,Chennai Express,RJP,RAZAMPETA,6,0.25,superfast,34.0
12164,Chennai Express,YA,YERRAGUNTLA,8,0.3333333333333333,superfast,32.0
12164,Chennai Express,TU,TADIPATRI,9,0.375,superfast,30.0
12164,Chennai Express,GY,GOOTY JN,10,0.4166666666666667,superfast,27.0
12164,Chennai Express,GTL,GUNTAKAL JN,11,0.4583333333333333,superfast,40.0
12164,Chennai Express,AD,ADONI,12,0.5,superfast,39.0
12164,Chennai Express,RC,RAICHUR,14,0.5833333333333334,superfast,31.0
12164,Chennai Express,SADP,SAIDAPUR,15,0.625,superfast,25.0
12164,Chennai Express,YG,YADGIR,16,0.6666666666666666,superfast,25.0
12164,Chennai Express,WADI,WADI,17,0.7083333333333334,superfast,8.0
12164,Chennai Express,KLBG,KALABURAGI JN,18,0.75,superfast,6.0
12164,Chennai Express,SUR,SOLAPUR JN,19,0.7916666666666666,superfast,20.0
12164,Chennai Express,LNL,LONAVALA,21,0.875,superfast,34.0
12164,Chennai Express,KYN,KALYAN JN,22,0.9166666666666666,superfast,51.0
12164,Chennai Express,TNA,THANE,23,0.9583333333333334,superfast,54.0
12164,Chennai Express,LTT,LOKMANYATILAK T,24,1.0,superfast,9.0
12679,Coimbatore Intercity,MAS,CHENNAI CENTRAL,0,0.0,superfast,2.0
12679,Coimbatore Intercity,AJJ,ARAKKONAM,1,0.08333333333333333,superfast,16.0
12679,Coimbatore Intercity,KPD,KATPADI JN,2,0.16666666666666666,superfast,20.0
12679,Coimbatore Intercity,AB,AMBUR,3,0.25,superfast,26.0
12679,Coimbatore Intercity,JTJ,JOLARPETTAI,4,0.3333333333333333,superfast,15.0
12679,Coimbatore Intercity,SLY,SAMALPATTI,5,0.4166666666666667,superfast,24.0
12679,Coimbatore Intercity,MAP,MORAPPUR,6,0.5,superfast,28.0
12679,Coimbatore Intercity,BQI,BOMMIDI,7,0.5833333333333334,superfast,29.0
12679,Coimbatore Intercity,SA,SALEM JN,8,0.6666666666666666,superfast,22.0
12679,Coimbatore Intercity,ED,ERODE JN,9,0.75,superfast,23.0
12679,Coimbatore Intercity,TUP,TIRUPPUR,10,0.8333333333333334,superfast,28.0
12679,Coimbatore Intercity,CBF,COIMBATORE NRTH,11,0.9166666666666666,superfast,28.0
12679,Coimbatore Intercity,CBE,COIMBATORE JN,12,1.0,superfast,1.0
12680,Coimbatore Intercity,CBE,COIMBATORE JN,0,0.0,superfast,1.0
12680,Coimbatore Intercity,TUP,TIRUPPUR,1,0.08333333333333333,superfast,3.0
12680,Coimbatore Intercity,ED,ERODE JN,2,0.16666666666666666,superfast,6.0
12680,Coimbatore Intercity,SA,SALEM JN,3,0.25,superfast,7.0
12680,Coimbatore Intercity,BQI,BOMMIDI,4,0.3333333333333333,superfast,5.0
12680,Coimbatore Intercity,MAP,MORAPPUR,5,0.4166666666666667,superfast,4.0
12680,Coimbatore Intercity,SLY,SAMALPATTI,6,0.5,superfast,6.0
12680,Coimbatore Intercity,JTJ,JOLARPETTAI,7,0.5833333333333334,superfast,4.0
12680,Coimbatore Intercity,AB,AMBUR,8,0.6666666666666666,superfast,7.0
12680,Coimbatore Intercity,KPD,KATPADI JN,9,0.75,superfast,6.0
12680,Coimbatore Intercity,AJJ,ARAKKONAM,10,0.8333333333333334,superfast,6.0
12680,Coimbatore Intercity,PER,PERAMBUR,11,0.9166666666666666,superfast,12.0
12680,Coimbatore Intercity,MAS,CHENNAI CENTRAL,12,1.0,superfast,2.0
12925,Paschim Express,MMCT,MUMBAI CENTRAL,1,0.023255813953488372,superfast,4.0
12925,Paschim Express,BVI,BORIVALI,2,0.046511627906976744,superfast,16.0
12925,Paschim Express,DRD,DAHANU ROAD,3,0.06976744186046512,superfast,19.0
12925,Paschim Express,VAPI,VAPI,4,0.09302325581395349,superfast,24.0
12925,Paschim Express,BL,VALSAD,5,0.11627906976744186,superfast,30.0
12925,Paschim Express,ST,SURAT,7,0.16279069767441862,superfast,10.0
12925,Paschim Express,BH,BHARUCH JN,8,0.18604651162790697,superfast,15.0
12925,Paschim Express,MGN,MEGHNAGAR,12,0.27906976744186046,superfast,12.0
12925,Paschim Express,RTM,RATLAM JN,13,0.3023255813953488,superfast,13.0
12925,Paschim Express,KUH,KHACHROD,14,0.32558139534883723,superfast,13.0
12925,Paschim Express,NAD,NAGDA JN,15,0.3488372093023256,superfast,7.0
12925,Paschim Express,RMA,RAMGANJ MANDI,17,0.3953488372093023,superfast,10.0
12925,Paschim Express,KOTA,KOTA JN,18,0.4186046511627907,superfast,11.0
12925,Paschim Express,SWM,SAWAI MADHOPUR,19,0.4418604651162791,superfast,22.0
12925,Paschim Express,GGC,GANGAPUR CITY,20,0.46511627906976744,superfast,13.0
12925,Paschim Express,HAN,HINDAUN CITY,22,0.5116279069767442,superfast,17.0
12925,Paschim Express,BXN,BAYANA JN,23,0.5348837209302325,superfast,18.0
12925,Paschim Express,BTE,BHARATPUR JN,24,0.5581395348837209,superfast,19.0
12925,Paschim Express,MTJ,MATHURA JN,25,0.5813953488372093,superfast,10.0
12925,Paschim Express,NZM,H NIZAMUDDIN,27,0.627906976744186,superfast,17.0
12925,Paschim Express,NDLS,NEW DELHI,28,0.6511627906976745,superfast,13.0
12925,Paschim Express,SNP,SONIPAT JN,30,0.6976744186046512,superfast,21.0
12925,Paschim Express,PNP,PANIPAT JN,32,0.7441860465116279,superfast,27.0
12925,Paschim Express,KUN,KARNAL,33,0.7674418604651163,superfast,33.0
12925,Paschim Express,KKDE,KURUKSHETRA JN,34,0.7906976744186046,superfast,38.0
12925,Paschim Express,UMB,AMBALA CANT JN,35,0.813953488372093,superfast,13.0
12925,Paschim Express,CDG,CHANDIGARH,36,0.8372093023255814,superfast,15.0
12925,Paschim Express,SASN,SAHIBZADA ASNGR,37,0.8604651162790697,superfast,22.0
12925,Paschim Express,LDH,LUDHIANA JN,38,0.8837209302325582,superfast,14.0
12925,Paschim Express,PGW,PHAGWARA JN,39,0.9069767441860465,superfast,19.0
12925,Paschim Express,JRC,JALANDHAR CANT,40,0.9302325581395349,superfast,20.0
12925,Paschim Express,JUC,JALANDHAR CITY,41,0.9534883720930233,superfast,19.0
12925,Paschim Express,BEAS,BEAS,42,0.9767441860465116,superfast,19.0
12925,Paschim Express,ASR,AMRITSAR JN,43,1.0,superfast,16.0
12926,Paschim Express,ASR,AMRITSAR JN,0,0.0,superfast,9.0
12926,Paschim Express,BEAS,BEAS,1,0.023809523809523808,superfast,22.0
12926,Paschim Express,JUC,JALANDHAR CITY,2,0.047619047619047616,superfast,17.0
12926,Paschim Express,JRC,JALANDHAR CANT,3,0.07142857142857142,superfast,20.0
12926,Paschim Express,LDH,LUDHIANA JN,5,0.11904761904761904,superfast,22.0
12926,Paschim Express,SASN,SAHIBZADA ASNGR,6,0.14285714285714285,superfast,12.0
12926,Paschim Express,CDG,CHANDIGARH,7,0.16666666666666666,superfast,11.0
12926,Paschim Express,UMB,AMBALA CANT JN,8,0.19047619047619047,superfast,11.0
12926,Paschim Express,KKDE,KURUKSHETRA JN,9,0.21428571428571427,superfast,20.0
12926,Paschim Express,KUN,KARNAL,10,0.23809523809523808,superfast,22.0
12926,Paschim Express,PNP,PANIPAT JN,11,0.2619047619047619,superfast,25.0
12926,Paschim Express,SNP,SONIPAT JN,13,0.30952380952380953,superfast,28.0
12926,Paschim Express,SZM,SUBZI MANDI,14,0.3333333333333333,superfast,34.0
12926,Paschim Express,NDLS,NEW DELHI,15,0.35714285714285715,superfast,21.0
12926,Paschim Express,FDB,FARIDABAD,16,0.38095238095238093,superfast,48.0
12926,Paschim Express,MTJ,MATHURA JN,17,0.40476190476190477,superfast,18.0
12926,Paschim Express,BXN,BAYANA JN,19,0.4523809523809524,superfast,18.0
12926,Paschim Express,GGC,GANGAPUR CITY,22,0.5238095238095238,superfast,22.0
12926,Paschim Express,SWM,SAWAI MADHOPUR,23,0.5476190476190477,superfast,24.0
12926,Paschim Express,KOTA,KOTA JN,24,0.5714285714285714,superfast,29.0
12926,Paschim Express,RMA,RAMGANJ MANDI,25,0.5952380952380952,superfast,29.0
12926,Paschim Express,SGZ,SHAMGARH,26,0.6190476190476191,superfast,26.0
12926,Paschim Express,NAD,NAGDA JN,27,0.6428571428571429,superfast,13.0
12926,Paschim Express,KUH,KHACHROD,28,0.6666666666666666,superfast,17.0
12926,Paschim Express,RTM,RATLAM JN,29,0.6904761904761905,superfast,15.0
12926,Paschim Express,MGN,MEGHNAGAR,30,0.7142857142857143,superfast,18.0
12926,Paschim Express,DHD,DAHOD,31,0.7380952380952381,superfast,18.0
12926,Paschim Express,GDA,GODHRA JN,32,0.7619047619047619,superfast,14.0
12926,Paschim Express,BH,BHARUCH JN,34,0.8095238095238095,superfast,18.0
12926,Paschim Express,ST,SURAT,35,0.8333333333333334,superfast,15.0
12926,Paschim Express,NVS,NAVSARI,36,0.8571428571428571,superfast,17.0
12926,Paschim Express,BL,VALSAD,37,0.8809523809523809,superfast,25.0
12926,Paschim Express,VAPI,VAPI,38,0.9047619047619048,superfast,24.0
12926,Paschim Express,DRD,DAHANU ROAD,39,0.9285714285714286,superfast,28.0
12926,Paschim Express,BVI,BORIVALI,40,0.9523809523809523,superfast,29.0
12926,Paschim Express,MMCT,MUMBAI CENTRAL,42,1.0,superfast,16.0
12137,Punjab Mail,CSMT,C SHIVAJI TERM MUMBAI,0,0.0,superfast,12.0
12137,Punjab Mail,DR,DADAR,1,0.018867924528301886,superfast,17.0
12137,Punjab Mail,KYN,KALYAN JN,2,0.03773584905660377,superfast,29.0
12137,Punjab Mail,KSRA,KASARA,3,0.05660377358490566,superfast,27.0
12137,Punjab Mail,MMR,MANMAD JN,5,0.09433962264150944,superfast,33.0
12137,Punjab Mail,CSN,CHALISGAON JN,6,0.11320754716981132,superfast,40.0
12137,Punjab Mail,JL,JALGAON JN,7,0.1320754716981132,superfast,40.0
12137,Punjab Mail,BSL,BHUSAVAL JN,8,0.1509433962264151,superfast,35.0
12137,Punjab Mail,BAU,BURHANPUR,9,0.16981132075471697,superfast,35.0
12137,Punjab Mail,KNW,KHANDWA,10,0.18867924528301888,superfast,16.0
12137,Punjab Mail,KKN,KHIRKIYA,11,0.20754716981132076,superfast,20.0
12137,Punjab Mail,HD,HARDA,12,0.22641509433962265,superfast,28.0
12137,Punjab Mail,BPF,BANAPURA,13,0.24528301886792453,superfast,37.0
12137,Punjab Mail,ET,ITARSI JN,14,0.2641509433962264,superfast,16.0
12137,Punjab Mail,NDPM,NARMADAPURAM,15,0.2830188679245283,superfast,19.0
12137,Punjab Mail,RKMP,RANI KAMLAPATI,16,0.3018867924528302,superfast,19.0
12137,Punjab Mail,BPL,BHOPAL JN,17,0.32075471698113206,superfast,26.0
12137,Punjab Mail,BHS,VIDISHA,18,0.33962264150943394,superfast,37.0
12137,Punjab Mail,BAQ,GANJ BASODA,19,0.3584905660377358,superfast,42.0
12137,Punjab Mail,BINA,BINA JN,20,0.37735849056603776,superfast,18.0
12137,Punjab Mail,LAR,LALITPUR,21,0.39622641509433965,superfast,28.0
12137,Punjab Mail,BAB,BABINA,22,0.41509433962264153,superfast,35.0
12137,Punjab Mail,VGLJ,V LAKSHMIBAI JHANSI,23,0.4339622641509434,superfast,30.0
12137,Punjab Mail,DAA,DATIA,24,0.4528301886792453,superfast,35.0
12137,Punjab Mail,GWL,GWALIOR,26,0.49056603773584906,superfast,55.0
12137,Punjab Mail,MRA,MORENA,27,0.5094339622641509,superfast,56.0
12137,Punjab Mail,DHO,DHAULPUR,28,0.5283018867924528,superfast,21.0
12137,Punjab Mail,AGC,AGRA CANTT,29,0.5471698113207547,superfast,26.0
12137,Punjab Mail,RKM,RAJA KI MANDI,30,0.5660377358490566,superfast,28.0
12137,Punjab Mail,MTJ,MATHURA JN,31,0.5849056603773585,superfast,41.0
12137,Punjab Mail,KSV,KOSI KALAN,32,0.6037735849056604,superfast,48.0
12137,Punjab Mail,FDB,FARIDABAD,33,0.6226415094339622,superfast,26.0
12137,Punjab Mail,NZM,H NIZAMUDDIN,34,0.6415094339622641,superfast,36.0
12137,Punjab Mail,NDLS,NEW DELHI,35,0.660377358490566,superfast,43.0
12137,Punjab Mail,DKZ,DELHI KISHANGNJ,36,0.6792452830188679,superfast,49.0
12137,Punjab Mail,SSB,SHAKURBASTI,37,0.6981132075471698,superfast,55.0
12137,Punjab Mail,BGZ,BAHADURGARH,38,0.7169811320754716,superfast,61.0
12137,Punjab Mail,ROK,ROHTAK JN,39,0.7358490566037735,superfast,64.0
12137,Punjab Mail,JIND,JIND JN,40,0.7547169811320755,superfast,64.0
12137,Punjab Mail,NRW,NARWANA JN,41,0.7735849056603774,superfast,65.0
12137,Punjab Mail,JHL,JAKHAL JN,43,0.8113207547169812,superfast,62.0
12137,Punjab Mail,BRZ,BARETA,44,0.8301886792452831,superfast,64.0
12137,Punjab Mail,MSZ,MANSA,46,0.8679245283018868,superfast,68.0
12137,Punjab Mail,MAUR,MAUR,47,0.8867924528301887,superfast,70.0
12137,Punjab Mail,BTI,BHATINDA JN,48,0.9056603773584906,superfast,49.0
12137,Punjab Mail,GNA,GONEANA BHAI JAGTA,49,0.9245283018867925,superfast,57.0
12137,Punjab Mail,FDK,FARIDKOT,52,0.9811320754716981,superfast,66.0
12137,Punjab Mail,FZR,FIROZPUR CANT,53,1.0,superfast,39.0
12138,Punjab Mail,FDK,FARIDKOT,1,0.0196078431372549,superfast,12.0
12138,Punjab Mail,KKP,KOT KAPURA,2,0.0392156862745098,superfast,16.0
12138,Punjab Mail,GJUT,GANGSAR JAITU,3,0.058823529411764705,superfast,14.0
12138,Punjab Mail,GNA,GONEANA BHAI JAGTA,4,0.0784313725490196,superfast,13.0
12138,Punjab Mail,BTI,BHATINDA JN,5,0.09803921568627451,superfast,6.0
12138,Punjab Mail,MAUR,MAUR,6,0.11764705882352941,superfast,13.0
12138,Punjab Mail,MSZ,MANSA,7,0.13725490196078433,superfast,15.0
12138,Punjab Mail,BLZ,BUDHLADA,8,0.1568627450980392,superfast,16.0
12138,Punjab Mail,BRZ,BARETA,9,0.17647058823529413,superfast,18.0
12138,Punjab Mail,JHL,JAKHAL JN,10,0.19607843137254902,superfast,15.0
12138,Punjab Mail,TUN,TOHANA,11,0.21568627450980393,superfast,15.0
12138,Punjab Mail,NRW,NARWANA JN,12,0.23529411764705882,superfast,21.0
12138,Punjab Mail,ROK,ROHTAK JN,14,0.27450980392156865,superfast,15.0
12138,Punjab Mail,BGZ,BAHADURGARH,15,0.29411764705882354,superfast,18.0
12138,Punjab Mail,SSB,SHAKURBASTI,16,0.3137254901960784,superfast,14.0
12138,Punjab Mail,DKZ,DELHI KISHANGNJ,17,0.3333333333333333,superfast,17.0
12138,Punjab Mail,NDLS,NEW DELHI,18,0.35294117647058826,superfast,15.0
12138,Punjab Mail,FDB,FARIDABAD,19,0.37254901960784315,superfast,25.0
12138,Punjab Mail,KSV,KOSI KALAN,20,0.39215686274509803,superfast,29.0
12138,Punjab Mail,MTJ,MATHURA JN,21,0.4117647058823529,superfast,42.0
12138,Punjab Mail,RKM,RAJA KI MANDI,22,0.43137254901960786,superfast,54.0
12138,Punjab Mail,AGC,AGRA CANTT,23,0.45098039215686275,superfast,48.0
12138,Punjab Mail,DHO,DHAULPUR,24,0.47058823529411764,superfast,27.0
12138,Punjab Mail,MRA,MORENA,25,0.49019607843137253,superfast,23.0
12138,Punjab Mail,DBA,DABRA,27,0.5294117647058824,superfast,37.0
12138,Punjab Mail,DAA,DATIA,28,0.5490196078431373,superfast,48.0
12138,Punjab Mail,VGLJ,V LAKSHMIBAI JHANSI,29,0.5686274509803921,superfast,27.0
12138,Punjab Mail,BAB,BABINA,30,0.5882352941176471,superfast,33.0
12138,Punjab Mail,LAR,LALITPUR,31,0.6078431372549019,superfast,43.0
12138,Punjab Mail,BINA,BINA JN,32,0.6274509803921569,superfast,34.0
12138,Punjab Mail,BAQ,GANJ BASODA,33,0.6470588235294118,superfast,43.0
12138,Punjab Mail,BHS,VIDISHA,34,0.6666666666666666,superfast,51.0
12138,Punjab Mail,RKMP,RANI KAMLAPATI,36,0.7058823529411765,superfast,46.0
12138,Punjab Mail,NDPM,NARMADAPURAM,37,0.7254901960784313,superfast,49.0
12138,Punjab Mail,ET,ITARSI JN,38,0.7450980392156863,superfast,50.0
12138,Punjab Mail,BPF,BANAPURA,39,0.7647058823529411,superfast,61.0
12138,Punjab Mail,HD,HARDA,40,0.7843137254901961,superfast,70.0
12138,Punjab Mail,KKN,KHIRKIYA,41,0.803921568627451,superfast,75.0
12138,Punjab Mail,KNW,KHANDWA,42,0.8235294117647058,superfast,39.0
12138,Punjab Mail,BSL,BHUSAVAL JN,44,0.8627450980392157,superfast,52.0
12138,Punjab Mail,JL,JALGAON JN,45,0.8823529411764706,superfast,49.0
12138,Punjab Mail,CSN,CHALISGAON JN,46,0.9019607843137255,superfast,57.0
12138,Punjab Mail,MMR,MANMAD JN,47,0.9215686274509803,superfast,65.0
12138,Punjab Mail,NK,NASIK ROAD,48,0.9411764705882353,superfast,62.0
12138,Punjab Mail,KYN,KALYAN JN,49,0.9607843137254902,superfast,47.0
12138,Punjab Mail,DR,DADAR,50,0.9803921568627451,superfast,51.0
12138,Punjab Mail,CSMT,C SHIVAJI TERM MUMBAI,51,1.0,superfast,36.0
12509,Guwahati Sbc Express,SMVB,SMVT BENGALURU,0,0.0,superfast,6.0
12509,Guwahati Sbc Express,KJM,KRISHNARAJAPURM,1,0.025,superfast,23.0
12509,Guwahati Sbc Express,BWT,BANGARAPET,2,0.05,superfast,23.0
12509,Guwahati Sbc Express,JTJ,JOLARPETTAI,3,0.075,superfast,15.0
12509,Guwahati Sbc Express,KPD,KATPADI JN,4,0.1,superfast,11.0
12509,Guwahati Sbc Express,PER,PERAMBUR,6,0.15,superfast,31.0
12509,Guwahati Sbc Express,BZA,VIJAYAWADA JN,8,0.2,superfast,55.0
12509,Guwahati Sbc Express,RJY,RAJAMUNDRY,9,0.225,superfast,70.0
12509,Guwahati Sbc Express,VSKP,VISAKHAPATNAM,10,0.25,superfast,48.0
12509,Guwahati Sbc Express,VZM,VIZIANAGRAM JN,11,0.275,superfast,62.0
12509,Guwahati Sbc Express,CHE,SRIKAKULAM ROAD,12,0.3,superfast,71.0
12509,Guwahati Sbc Express,PSA,PALASA,13,0.325,superfast,65.0
12509,Guwahati Sbc Express,BAM,BRAHMAPUR,14,0.35,superfast,77.0
12509,Guwahati Sbc Express,BALU,BALUGAN,15,0.375,superfast,82.0
12509,Guwahati Sbc Express,KUR,KHURDA ROAD JN,16,0.4,superfast,79.0
12509,Guwahati Sbc Express,BBS,BHUBANESWAR,17,0.425,superfast,79.0
12509,Guwahati Sbc Express,CTC,CUTTACK,18,0.45,superfast,0.0
12509,Guwahati Sbc Express,BLS,BALASORE,21,0.525,superfast,174.0
12509,Guwahati Sbc Express,KGP,KHARAGPUR JN,22,0.55,superfast,205.0
12509,Guwahati Sbc Express,DKAE,DANKUNI,23,0.575,superfast,240.0
12509,Guwahati Sbc Express,BHP,BOLPUR S NIKTN,24,0.6,superfast,249.0
12509,Guwahati Sbc Express,RPH,RAMPUR HAT,25,0.625,superfast,245.0
12509,Guwahati Sbc Express,NFK,NEW FARAKKA JN,26,0.65,superfast,208.0
12509,Guwahati Sbc Express,MLDT,MALDA TOWN,27,0.675,superfast,197.0
12509,Guwahati Sbc Express,BOE,BARSOI JN,28,0.7,superfast,222.0
12509,Guwahati Sbc Express,KNE,KISHANGANJ,29,0.725,superfast,238.0
12509,Guwahati Sbc Express,NJP,NEW JALPAIGURI,30,0.75,superfast,241.0
12509,Guwahati Sbc Express,JPE,JALPAIGURI ROAD,31,0.775,superfast,219.0
12509,Guwahati Sbc Express,DQG,DHUPGURI,32,0.8,superfast,221.0
12509,Guwahati Sbc Express,NCB,NEW COOCH BEHAR,33,0.825,superfast,225.0
12509,Guwahati Sbc Express,NOQ,NEW ALIPURDAUR,34,0.85,superfast,232.0
12509,Guwahati Sbc Express,KOJ,KOKRAJHAR,35,0.875,superfast,252.0
12509,Guwahati Sbc Express,NBQ,NEW BONGAIGAON,36,0.9,superfast,222.0
12509,Guwahati Sbc Express,BPRD,BARPETA ROAD,37,0.925,superfast,230.0
12509,Guwahati Sbc Express,RNY,RANGIYA JN,38,0.95,superfast,248.0
12509,Guwahati Sbc Express,KYQ,KAMAKHYA,39,0.975,superfast,225.0
12509,Guwahati Sbc Express,GHY,GUWAHATI,40,1.0,superfast,208.0
12510,Sbc Guwahati Express,GHY,GUWAHATI,0,0.0,superfast,2.0
12510,Sbc Guwahati Express,RNY,RANGIYA JN,2,0.05128205128205128,superfast,8.0
12510,Sbc Guwahati Express,BPRD,BARPETA ROAD,3,0.07692307692307693,superfast,14.0
12510,Sbc Guwahati Express,NBQ,NEW BONGAIGAON,4,0.10256410256410256,superfast,3.0
12510,Sbc Guwahati Express,KOJ,KOKRAJHAR,5,0.1282051282051282,superfast,7.0
12510,Sbc Guwahati Express,NOQ,NEW ALIPURDAUR,6,0.15384615384615385,superfast,18.0
12510,Sbc Guwahati Express,NCB,NEW COOCH BEHAR,7,0.1794871794871795,superfast,21.0
12510,Sbc Guwahati Express,DQG,DHUPGURI,8,0.20512820512820512,superfast,29.0
12510,Sbc Guwahati Express,JPE,JALPAIGURI ROAD,9,0.23076923076923078,superfast,22.0
12510,Sbc Guwahati Express,NJP,NEW JALPAIGURI,10,0.2564102564102564,superfast,8.0
12510,Sbc Guwahati Express,KNE,KISHANGANJ,11,0.28205128205128205,superfast,20.0
12510,Sbc Guwahati Express,BOE,BARSOI JN,12,0.3076923076923077,superfast,19.0
12510,Sbc Guwahati Express,MLDT,MALDA TOWN,13,0.3333333333333333,superfast,12.0
12510,Sbc Guwahati Express,NFK,NEW FARAKKA JN,14,0.358974358974359,superfast,21.0
12510,Sbc Guwahati Express,RPH,RAMPUR HAT,15,0.38461538461538464,superfast,19.0
12510,Sbc Guwahati Express,BHP,BOLPUR S NIKTN,16,0.41025641025641024,superfast,24.0
12510,Sbc Guwahati Express,DKAE,DANKUNI,17,0.4358974358974359,superfast,58.0
12510,Sbc Guwahati Express,KGP,KHARAGPUR JN,18,0.46153846153846156,superfast,78.0
12510,Sbc Guwahati Express,BHC,BHADRAKH,20,0.5128205128205128,superfast,97.0
12510,Sbc Guwahati Express,JJKR,JAJPUR K ROAD,21,0.5384615384615384,superfast,97.0
12510,Sbc Guwahati Express,CTC,CUTTACK,22,0.5641025641025641,superfast,131.0
12510,Sbc Guwahati Express,BBS,BHUBANESWAR,23,0.5897435897435898,superfast,124.0
12510,Sbc Guwahati Express,KUR,KHURDA ROAD JN,24,0.6153846153846154,superfast,119.0
12510,Sbc Guwahati Express,BALU,BALUGAN,25,0.6410256410256411,superfast,126.0
12510,Sbc Guwahati Express,BAM,BRAHMAPUR,26,0.6666666666666666,superfast,123.0
12510,Sbc Guwahati Express,PSA,PALASA,27,0.6923076923076923,superfast,110.0
12510,Sbc Guwahati Express,CHE,SRIKAKULAM ROAD,28,0.717948717948718,superfast,112.0
12510,Sbc Guwahati Express,VZM,VIZIANAGRAM JN,29,0.7435897435897436,superfast,124.0
12510,Sbc Guwahati Express,VSKP,VISAKHAPATNAM,30,0.7692307692307693,superfast,133.0
12510,Sbc Guwahati Express,RJY,RAJAMUNDRY,31,0.7948717948717948,superfast,161.0
12510,Sbc Guwahati Express,BZA,VIJAYAWADA JN,32,0.8205128205128205,superfast,158.0
12510,Sbc Guwahati Express,PER,PERAMBUR,33,0.8461538461538461,superfast,200.0
12510,Sbc Guwahati Express,AJJ,ARAKKONAM,34,0.8717948717948718,superfast,201.0
12510,Sbc Guwahati Express,KPD,KATPADI JN,35,0.8974358974358975,superfast,187.0
12510,Sbc Guwahati Express,JTJ,JOLARPETTAI,36,0.9230769230769231,superfast,182.0
12510,Sbc Guwahati Express,BWT,BANGARAPET,37,0.9487179487179487,superfast,198.0
12510,Sbc Guwahati Express,KJM,KRISHNARAJAPURM,38,0.9743589743589743,superfast,208.0
12510,Sbc Guwahati Express,SMVB,SMVT BENGALURU,39,1.0,superfast,169.0
16339,Nagercoil Express,CSMT,C SHIVAJI TERM MUMBAI,0,0.0,express,5.0
16339,Nagercoil Express,DR,DADAR,1,0.02564102564102564,express,9.0
16339,Nagercoil Express,TNA,THANE,2,0.05128205128205128,express,13.0
16339,Nagercoil Express,KYN,KALYAN JN,3,0.07692307692307693,express,26.0
16339,Nagercoil Express,PUNE,PUNE JN,5,0.1282051282051282,express,31.0
16339,Nagercoil Express,KWV,KURDUVADI,7,0.1794871794871795,express,35.0
16339,Nagercoil Express,SUR,SOLAPUR JN,8,0.20512820512820512,express,52.0
16339,Nagercoil Express,SDB,SHAHABAD,10,0.2564102564102564,express,27.0
16339,Nagercoil Express,WADI,WADI,11,0.28205128205128205,express,10.0
16339,Nagercoil Express,YG,YADGIR,12,0.3076923076923077,express,14.0
16339,Nagercoil Express,RC,RAICHUR,13,0.3333333333333333,express,18.0
16339,Nagercoil Express,AD,ADONI,15,0.38461538461538464,express,26.0
16339,Nagercoil Express,GTL,GUNTAKAL JN,16,0.41025641025641024,express,19.0
16339,Nagercoil Express,ATP,ANANTAPUR,17,0.4358974358974359,express,25.0
16339,Nagercoil Express,KRY,KADIRI,19,0.48717948717948717,express,23.0
16339,Nagercoil Express,MPL,MADANAPALLE RD,20,0.5128205128205128,express,28.0
16339,Nagercoil Express,PAK,PAKALA JN,22,0.5641025641025641,express,36.0
16339,Nagercoil Express,CTO,CHITTOOR,23,0.5897435897435898,express,35.0
16339,Nagercoil Express,KPD,KATPADI JN,24,0.6153846153846154,express,19.0
16339,Nagercoil Express,TPT,TIRUPATTUR JN,25,0.6410256410256411,express,13.0
16339,Nagercoil Express,SA,SALEM JN,27,0.6923076923076923,express,23.0
16339,Nagercoil Express,KRR,KARUR,29,0.7435897435897436,express,6.0
16339,Nagercoil Express,DG,DINDIGUL JN,30,0.7692307692307693,express,6.0
16339,Nagercoil Express,KQN,KODAIKANAL ROAD,31,0.7948717948717948,express,15.0
16339,Nagercoil Express,MDU,MADURAI JN,32,0.8205128205128205,express,8.0
16339,Nagercoil Express,VPT,VIRUDUNAGAR JN,33,0.8461538461538461,express,10.0
16339,Nagercoil Express,SRT,SATUR,34,0.8717948717948718,express,10.0
16339,Nagercoil Express,CVP,KOVILPATTI,35,0.8974358974358975,express,9.0
16339,Nagercoil Express,TEN,TIRUNELVELI JN,36,0.9230769230769231,express,0.0
16339,Nagercoil Express,NNN,NANGUNERI,37,0.9487179487179487,express,3.0
16340,Nagercoil Express,NCJ,NAGERCOIL JN,0,0.0,express,1.0
16340,Nagercoil Express,VLY,VALLIYUR,1,0.02631578947368421,express,0.0
16340,Nagercoil Express,NNN,NANGUNERI,2,0.05263157894736842,express,2.0
16340,Nagercoil Express,TEN,TIRUNELVELI JN,3,0.07894736842105263,express,2.0
16340,Nagercoil Express,VPT,VIRUDUNAGAR JN,6,0.15789473684210525,express,8.0
16340,Nagercoil Express,MDU,MADURAI JN,7,0.18421052631578946,express,19.0
16340,Nagercoil Express,DG,DINDIGUL JN,9,0.23684210526315788,express,39.0
16340,Nagercoil Express,KRR,KARUR,10,0.2631578947368421,express,43.0
16340,Nagercoil Express,SA,SALEM JN,12,0.3157894736842105,express,16.0
16340,Nagercoil Express,SLY,SAMALPATTI,13,0.34210526315789475,express,40.0
16340,Nagercoil Express,CTO,CHITTOOR,16,0.42105263157894735,express,15.0
16340,Nagercoil Express,PAK,PAKALA JN,17,0.4473684210526316,express,28.0
16340,Nagercoil Express,PIL,PILER,18,0.47368421052631576,express,31.0
16340,Nagercoil Express,MPL,MADANAPALLE RD,19,0.5,express,34.0
16340,Nagercoil Express,KRY,KADIRI,20,0.5263157894736842,express,27.0
16340,Nagercoil Express,DMM,DHARMAVARAM JN,21,0.5526315789473685,express,11.0
16340,Nagercoil Express,ATP,ANANTAPUR,22,0.5789473684210527,express,10.0
16340,Nagercoil Express,GTL,GUNTAKAL JN,23,0.6052631578947368,express,15.0
16340,Nagercoil Express,AD,ADONI,24,0.631578947368421,express,24.0
16340,Nagercoil Express,MALM,MANTHRALAYAM RD,25,0.6578947368421053,express,24.0
16340,Nagercoil Express,YG,YADGIR,27,0.7105263157894737,express,19.0
16340,Nagercoil Express,WADI,WADI,28,0.7368421052631579,express,10.0
16340,Nagercoil Express,SDB,SHAHABAD,29,0.7631578947368421,express,10.0
16340,Nagercoil Express,KLBG,KALABURAGI JN,30,0.7894736842105263,express,17.0
16340,Nagercoil Express,SUR,SOLAPUR JN,31,0.8157894736842105,express,18.0
16340,Nagercoil Express,KWV,KURDUVADI,32,0.8421052631578947,express,19.0
16340,Nagercoil Express,DD,DAUND JN,33,0.868421052631579,express,7.0
16340,Nagercoil Express,PUNE,PUNE JN,34,0.8947368421052632,express,14.0
16340,Nagercoil Express,KYN,KALYAN JN,35,0.9210526315789473,express,29.0
16340,Nagercoil Express,TNA,THANE,36,0.9473684210526315,express,31.0
16340,Nagercoil Express,DR,DADAR,37,0.9736842105263158,express,27.0
16340,Nagercoil Express,CSMT,C SHIVAJI TERM MUMBAI,38,1.0,express,17.0
16127,Guruvayur Express,MS,CHENNAI EGMORE,0,0.0,express,0.0
16127,Guruvayur Express,CGL,CHENGALPATTU,2,0.0425531914893617,express,3.0
16127,Guruvayur Express,MLMR,MELMARUVATTUR,3,0.06382978723404255,express,16.0
16127,Guruvayur Express,TMV,TINDIVANAM,4,0.0851063829787234,express,15.0
16127,Guruvayur Express,VM,VILLUPURAM JN,5,0.10638297872340426,express,3.0
16127,Guruvayur Express,VRI,VRIDHACHALAM JN,6,0.1276595744680851,express,4.0
16127,Guruvayur Express,PNDM,PENNADAM,7,0.14893617021276595,express,3.0
16127,Guruvayur Express,ALU,ARIYALUR,8,0.1702127659574468,express,19.0
16127,Guruvayur Express,SRGM,SRIRANGAM,9,0.19148936170212766,express,18.0
16127,Guruvayur Express,TPJ,TIRUCHCHIRAPALI,10,0.2127659574468085,express,8.0
16127,Guruvayur Express,MPA,MANAPARAI,11,0.23404255319148937,express,16.0
16127,Guruvayur Express,DG,DINDIGUL JN,12,0.2553191489361702,express,20.0
16127,Guruvayur Express,KQN,KODAIKANAL ROAD,13,0.2765957446808511,express,21.0
16127,Guruvayur Express,SDN,SHOLAVANDAN,14,0.2978723404255319,express,27.0
16127,Guruvayur Express,KON,KUDALNAGAR,15,0.3191489361702128,express,27.0
16127,Guruvayur Express,MDU,MADURAI JN,16,0.3404255319148936,express,15.0
16127,Guruvayur Express,VPT,VIRUDUNAGAR JN,17,0.3617021276595745,express,13.0
16127,Guruvayur Express,SRT,SATUR,18,0.3829787234042553,express,13.0
16127,Guruvayur Express,CVP,KOVILPATTI,19,0.40425531914893614,express,22.0
16127,Guruvayur Express,MEJ,VANCHI MANIYACHCHI,20,0.425531914893617,express,27.0
16127,Guruvayur Express,TEN,TIRUNELVELI JN,21,0.44680851063829785,express,22.0
16127,Guruvayur Express,NNN,NANGUNERI,22,0.46808510638297873,express,27.0
16127,Guruvayur Express,VLY,VALLIYUR,23,0.48936170212765956,express,26.0
16127,Guruvayur Express,AAY,ARALVAYMOZHI,24,0.5106382978723404,express,24.0
16127,Guruvayur Express,NJT,NAGER COIL TOWN,25,0.5319148936170213,express,16.0
16127,Guruvayur Express,KZT,KULITTHURAI,27,0.574468085106383,express,30.0
16127,Guruvayur Express,TVC,TRIVANDRUM CNTL,29,0.6170212765957447,express,30.0
16127,Guruvayur Express,CRY,CHIRAYINKIL,30,0.6382978723404256,express,14.0
16127,Guruvayur Express,KVU,KADAKAVUR,31,0.6595744680851063,express,53.0
16127,Guruvayur Express,PVU,PARAVUR,33,0.7021276595744681,express,59.0
16127,Guruvayur Express,QLN,KOLLAM JN,34,0.723404255319149,express,59.0
16127,Guruvayur Express,KYJ,KAYANKULAM JN,35,0.7446808510638298,express,69.0
16127,Guruvayur Express,HAD,HARIPPAD,36,0.7659574468085106,express,70.0
16127,Guruvayur Express,ALLP,ALLEPPEY,37,0.7872340425531915,express,73.0
16127,Guruvayur Express,SRTL,SHERTALAI,38,0.8085106382978723,express,77.0
16127,Guruvayur Express,ERS,ERNAKULAM JN,39,0.8297872340425532,express,43.0
16127,Guruvayur Express,ERN,ERNAKULAM TOWN,40,0.851063829787234,express,45.0
16127,Guruvayur Express,AWY,ALUVA,41,0.8723404255319149,express,42.0
16127,Guruvayur Express,AFK,ANGAMALI,42,0.8936170212765957,express,46.0
16127,Guruvayur Express,IJK,IRINJALAKUDA,44,0.9361702127659575,express,54.0
16127,Guruvayur Express,TCR,THRISUR,45,0.9574468085106383,express,30.0
16127,Guruvayur Express,PNQ,PUNKUNNAM,46,0.9787234042553191,express,36.0
16127,Guruvayur Express,GUV,GURUVAYUR,47,1.0,express,22.0
16128,Guruvayur Express,PNQ,PUNKUNNAM,1,0.021739130434782608,express,8.0
16128,Guruvayur Express,TCR,THRISUR,2,0.043478260869565216,express,11.0
16128,Guruvayur Express,IJK,IRINJALAKUDA,3,0.06521739130434782,express,17.0
16128,Guruvayur Express,AFK,ANGAMALI,5,0.10869565217391304,express,23.0
16128,Guruvayur Express,AWY,ALUVA,6,0.13043478260869565,express,29.0
16128,Guruvayur Express,ERN,ERNAKULAM TOWN,7,0.15217391304347827,express,29.0
16128,Guruvayur Express,ERS,ERNAKULAM JN,8,0.17391304347826086,express,27.0
16128,Guruvayur Express,SRTL,SHERTALAI,9,0.1956521739130435,express,29.0
16128,Guruvayur Express,ALLP,ALLEPPEY,10,0.21739130434782608,express,31.0
16128,Guruvayur Express,HAD,HARIPPAD,11,0.2391304347826087,express,33.0
16128,Guruvayur Express,KYJ,KAYANKULAM JN,12,0.2608695652173913,express,33.0
16128,Guruvayur Express,PVU,PARAVUR,14,0.30434782608695654,express,33.0
16128,Guruvayur Express,VAK,VARKALA,15,0.32608695652173914,express,38.0
16128,Guruvayur Express,CRY,CHIRAYINKIL,16,0.34782608695652173,express,8.0
16128,Guruvayur Express,TVC,TRIVANDRUM CNTL,17,0.3695652173913043,express,29.0
16128,Guruvayur Express,NYY,NEYYATTINKARA,18,0.391304347826087,express,36.0
16128,Guruvayur Express,KZT,KULITTHURAI,19,0.41304347826086957,express,39.0
16128,Guruvayur Express,ERL,ERANIEL,20,0.43478260869565216,express,49.0
16128,Guruvayur Express,NJT,NAGER COIL TOWN,21,0.45652173913043476,express,50.0
16128,Guruvayur Express,VLY,VALLIYUR,23,0.5,express,34.0
16128,Guruvayur Express,NNN,NANGUNERI,24,0.5217391304347826,express,36.0
16128,Guruvayur Express,TEN,TIRUNELVELI JN,25,0.5434782608695652,express,5.0
16128,Guruvayur Express,MEJ,VANCHI MANIYACHCHI,26,0.5652173913043478,express,8.0
16128,Guruvayur Express,CVP,KOVILPATTI,27,0.5869565217391305,express,11.0
16128,Guruvayur Express,SRT,SATUR,28,0.6086956521739131,express,14.0
16128,Guruvayur Express,VPT,VIRUDUNAGAR JN,29,0.6304347826086957,express,20.0
16128,Guruvayur Express,MDU,MADURAI JN,30,0.6521739130434783,express,5.0
16128,Guruvayur Express,SDN,SHOLAVANDAN,31,0.6739130434782609,express,8.0
16128,Guruvayur Express,KQN,KODAIKANAL ROAD,32,0.6956521739130435,express,8.0
16128,Guruvayur Express,DG,DINDIGUL JN,33,0.717391304347826,express,7.0
16128,Guruvayur Express,MPA,MANAPARAI,34,0.7391304347826086,express,7.0
16128,Guruvayur Express,TPJ,TIRUCHCHIRAPALI,35,0.7608695652173914,express,37.0
16128,Guruvayur Express,SRGM,SRIRANGAM,36,0.782608695652174,express,38.0
16128,Guruvayur Express,ALU,ARIYALUR,37,0.8043478260869565,express,43.0
16128,Guruvayur Express,PNDM,PENNADAM,38,0.8260869565217391,express,24.0
16128,Guruvayur Express,VM,VILLUPURAM JN,40,0.8695652173913043,express,10.0
16128,Guruvayur Express,TMV,TINDIVANAM,41,0.8913043478260869,express,16.0
16128,Guruvayur Express,MLMR,MELMARUVATTUR,42,0.9130434782608695,express,14.0
16128,Guruvayur Express,CGL,CHENGALPATTU,43,0.9347826086956522,express,13.0
16128,Guruvayur Express,TBM,TAMBARAM,44,0.9565217391304348,express,19.0
16128,Guruvayur Express,MBM,MAMBALAM,45,0.9782608695652174,express,0.0
16128,Guruvayur Express,MS,CHENNAI EGMORE,46,1.0,express,1.0
22601,Chennai Intercity,MAS,CHENNAI CENTRAL,0,0.0,other,1.0
22601,Chennai Intercity,KPD,KATPADI JN,2,0.09090909090909091,other,55.0
22601,Chennai Intercity,KPN,KUPPAM,4,0.18181818181818182,other,59.0
22601,Chennai Intercity,BWT,BANGARAPET,5,0.22727272727272727,other,63.0
22601,Chennai Intercity,MLO,MALUR,6,0.2727272727272727,other,59.0
22601,Chennai Intercity,KJM,KRISHNARAJAPURM,7,0.3181818181818182,other,73.0
22601,Chennai Intercity,YNK,YELHANKA JN,8,0.36363636363636365,other,59.0
22601,Chennai Intercity,HUP,HINDUPUR,9,0.4090909090909091,other,62.0
22601,Chennai Intercity,DMM,DHARMAVARAM JN,11,0.5,other,65.0
22601,Chennai Intercity,ATP,ANANTAPUR,12,0.5454545454545454,other,64.0
22601,Chennai Intercity,GTL,GUNTAKAL JN,13,0.5909090909090909,other,70.0
22601,Chennai Intercity,AD,ADONI,14,0.6363636363636364,other,66.0
22601,Chennai Intercity,MALM,MANTHRALAYAM RD,15,0.6818181818181818,other,61.0
22601,Chennai Intercity,RC,RAICHUR,16,0.7272727272727273,other,61.0
22601,Chennai Intercity,WADI,WADI,17,0.7727272727272727,other,54.0
22601,Chennai Intercity,KLBG,KALABURAGI JN,18,0.8181818181818182,other,67.0
22601,Chennai Intercity,SUR,SOLAPUR JN,19,0.8636363636363636,other,66.0
22601,Chennai Intercity,DD,DAUND JN,20,0.9090909090909091,other,59.0
22601,Chennai Intercity,ANG,AHMADNAGAR,21,0.9545454545454546,other,90.0
22601,Chennai Intercity,SNSI,SAINAGAR SHIRDI,22,1.0,other,40.0
22602,Chennai Intercity,SNSI,SAINAGAR SHIRDI,0,0.0,other,2.0
22602,Chennai Intercity,DD,DAUND JN,2,0.08695652173913043,other,18.0
22602,Chennai Intercity,SUR,SOLAPUR JN,3,0.13043478260869565,other,30.0
22602,Chennai Intercity,KLBG,KALABURAGI JN,4,0.17391304347826086,other,26.0
22602,Chennai Intercity,RC,RAICHUR,6,0.2608695652173913,other,13.0
22602,Chennai Intercity,AD,ADONI,8,0.34782608695652173,other,17.0
22602,Chennai Intercity,GTL,GUNTAKAL JN,9,0.391304347826087,other,15.0
22602,Chennai Intercity,ATP,ANANTAPUR,10,0.43478260869565216,other,21.0
22602,Chennai Intercity,DMM,DHARMAVARAM JN,11,0.4782608695652174,other,0.0
22602,Chennai Intercity,SSPN,SAI P NILAYAM,12,0.5217391304347826,other,13.0
22602,Chennai Intercity,HUP,HINDUPUR,13,0.5652173913043478,other,12.0
22602,Chennai Intercity,YNK,YELHANKA JN,14,0.6086956521739131,other,19.0
22602,Chennai Intercity,KJM,KRISHNARAJAPURM,15,0.6521739130434783,other,4.0
22602,Chennai Intercity,MLO,MALUR,16,0.6956521739130435,other,8.0
22602,Chennai Intercity,BWT,BANGARAPET,17,0.7391304347826086,other,8.0
22602,Chennai Intercity,KPN,KUPPAM,18,0.782608695652174,other,12.0
22602,Chennai Intercity,JTJ,JOLARPETTAI,19,0.8260869565217391,other,2.0
22602,Chennai Intercity,KPD,KATPADI JN,20,0.8695652173913043,other,5.0
22602,Chennai Intercity,PER,PERAMBUR,22,0.9565217391304348,other,19.0
22602,Chennai Intercity,MAS,CHENNAI CENTRAL,23,1.0,other,10.0
12009,Shatabdi,MMCT,MUMBAI CENTRAL,0,0.0,superfast,1.0
12009,Shatabdi,BVI,BORIVALI,1,0.125,superfast,13.0
12009,Shatabdi,VAPI,VAPI,2,0.25,superfast,19.0
12009,Shatabdi,ST,SURAT,3,0.375,superfast,10.0
12009,Shatabdi,BH,BHARUCH JN,4,0.5,superfast,13.0
12009,Shatabdi,BRC,VADODARA JN,5,0.625,superfast,7.0
12009,Shatabdi,ANND,ANAND JN,6,0.75,superfast,8.0
12009,Shatabdi,ND,NADIAD JN,7,0.875,superfast,7.0
12010,Shatabdi,ADI,AHMEDABAD JN,0,0.0,superfast,0.0
12010,Shatabdi,ND,NADIAD JN,1,0.125,superfast,9.0
12010,Shatabdi,ANND,ANAND JN,2,0.25,superfast,5.0
12010,Shatabdi,BRC,VADODARA JN,3,0.375,superfast,5.0
12010,Shatabdi,ST,SURAT,5,0.625,superfast,3.0
12010,Shatabdi,BVI,BORIVALI,7,0.875,superfast,21.0
12010,Shatabdi,MMCT,MUMBAI CENTRAL,8,1.0,superfast,2.0
12019,Shatabdi,HWH,HOWRAH JN,0,0.0,superfast,1.0
12019,Shatabdi,DGR,DURGAPUR,1,0.125,superfast,12.0
12019,Shatabdi,RNG,RANIGANJ,2,0.25,superfast,14.0
12019,Shatabdi,ASN,ASANSOL JN,3,0.375,superfast,16.0
12019,Shatabdi,DHN,DHANBAD JN,4,0.5,superfast,3.0
12019,Shatabdi,CRP,CHANDRAPURA,5,0.625,superfast,4.0
12019,Shatabdi,BKSC,BOKARO STL CITY,6,0.75,superfast,1.0
12019,Shatabdi,MURI,MURI,7,0.875,superfast,6.0
12020,Shatabdi,RNC,RANCHI,0,0.0,superfast,2.0
12020,Shatabdi,CRP,CHANDRAPURA,3,0.375,superfast,6.0
12020,Shatabdi,DHN,DHANBAD JN,4,0.5,superfast,6.0
12020,Shatabdi,ASN,ASANSOL JN,5,0.625,superfast,18.0
12020,Shatabdi,RNG,RANIGANJ,6,0.75,superfast,15.0
12020,Shatabdi,HWH,HOWRAH JN,8,1.0,superfast,7.0
12049,Gatimaan Express,GWL,GWALIOR,1,0.3333333333333333,superfast,2.0
12049,Gatimaan Express,AGC,AGRA CANTT,2,0.6666666666666666,superfast,1.0
12050,Gatimaan Express,AGC,AGRA CANTT,1,0.3333333333333333,superfast,15.0
12050,Gatimaan Express,GWL,GWALIOR,2,0.6666666666666666,superfast,19.0
12050,Gatimaan Express,VGLJ,V LAKSHMIBAI JHANSI,3,1.0,superfast,2.0
12235,Duronto Express,MDP,MADHUPUR JN,0,0.0,superfast,6.0
12235,Duronto Express,JSME,JASIDIH JN,1,0.09090909090909091,superfast,12.0
12235,Duronto Express,JAJ,JHAJHA,2,0.18181818181818182,superfast,3.0
12235,Duronto Express,MKA,MOKAMEH JN,4,0.36363636363636365,superfast,35.0
12235,Duronto Express,PNBE,PATNA JN,5,0.45454545454545453,superfast,18.0
12235,Duronto Express,ARA,ARA,6,0.5454545454545454,superfast,38.0
12235,Duronto Express,BXR,BUXAR,7,0.6363636363636364,superfast,51.0
12235,Duronto Express,DDU,PT DEEN DAYAL UPADHYAY JN,8,0.7272727272727273,superfast,1.0
12235,Duronto Express,PRYJ,PRAYAGRAJ JN,9,0.8181818181818182,superfast,6.0
12235,Duronto Express,CNB,KANPUR CENTRAL,10,0.9090909090909091,superfast,13.0
12236,Duronto Express,PRYJ,PRAYAGRAJ JN,2,0.18181818181818182,superfast,159.0
12236,Duronto Express,DDU,PT DEEN DAYAL UPADHYAY JN,3,0.2727272727272727,superfast,147.0
12236,Duronto Express,BXR,BUXAR,4,0.36363636363636365,superfast,152.0
12236,Duronto Express,ARA,ARA,5,0.45454545454545453,superfast,157.0
12236,Duronto Express,JAJ,JHAJHA,9,0.8181818181818182,superfast,143.0
12236,Duronto Express,JSME,JASIDIH JN,10,0.9090909090909091,superfast,152.0
12236,Duronto Express,MDP,MADHUPUR JN,11,1.0,superfast,126.0
12245,Duronto Express,HWH,HOWRAH JN,0,0.0,superfast,13.0
12245,Duronto Express,BBS,BHUBANESWAR,1,0.2,superfast,111.0
12245,Duronto Express,VZM,VIZIANAGRAM JN,2,0.4,superfast,93.0
12245,Duronto Express,RU,RENIGUNTA JN,4,0.8,superfast,97.0
12245,Duronto Express,SMVB,SMVT BENGALURU,5,1.0,superfast,77.0
12246,Duronto Express,RU,RENIGUNTA JN,1,0.2,superfast,13.0
12246,Duronto Express,BZA,VIJAYAWADA JN,2,0.4,superfast,22.0
12246,Duronto Express,VZM,VIZIANAGRAM JN,3,0.6,superfast,15.0
12246,Duronto Express,BBS,BHUBANESWAR,4,0.8,superfast,41.0
12259,Sealdah Duronto,SDAH,SEALDAH,0,0.0,superfast,0.0
12259,Sealdah Duronto,DHN,DHANBAD JN,1,0.09090909090909091,superfast,4.0
12259,Sealdah Duronto,KQR,KODERMA,2,0.18181818181818182,superfast,11.0
12259,Sealdah Duronto,DDU,PT DEEN DAYAL UPADHYAY JN,3,0.2727272727272727,superfast,4.0
12259,Sealdah Duronto,CNB,KANPUR CENTRAL,4,0.36363636363636365,superfast,11.0
12259,Sealdah Duronto,NDLS,NEW DELHI,5,0.45454545454545453,superfast,14.0
12259,Sealdah Duronto,LHU,LOHARU,6,0.5454545454545454,superfast,24.0
12259,Sealdah Duronto,SDLP,SADULPUR JN,7,0.6363636363636364,superfast,28.0
12259,Sealdah Duronto,CUR,CHURU,8,0.7272727272727273,superfast,41.0
12259,Sealdah Duronto,SDGH,SRI DUNGARGARH,10,0.9090909090909091,superfast,57.0
12259,Sealdah Duronto,BKN,BIKANER JN,11,1.0,superfast,7.0
12260,Sealdah Duronto,SDGH,SRI DUNGARGARH,1,0.09090909090909091,superfast,15.0
12260,Sealdah Duronto,SDLP,SADULPUR JN,4,0.36363636363636365,superfast,24.0
12260,Sealdah Duronto,LHU,LOHARU,5,0.45454545454545453,superfast,24.0
12260,Sealdah Duronto,NDLS,NEW DELHI,6,0.5454545454545454,superfast,8.0
12260,Sealdah Duronto,CNB,KANPUR CENTRAL,7,0.6363636363636364,superfast,25.0
12260,Sealdah Duronto,DDU,PT DEEN DAYAL UPADHYAY JN,8,0.7272727272727273,superfast,23.0
12260,Sealdah Duronto,DHN,DHANBAD JN,10,0.9090909090909091,superfast,33.0
12260,Sealdah Duronto,SDAH,SEALDAH,11,1.0,superfast,55.0
12261,Howrah Duronto,CSMT,C SHIVAJI TERM MUMBAI,0,0.0,superfast,231.0
12261,Howrah Duronto,KYN,KALYAN JN,1,0.14285714285714285,superfast,261.0
12261,Howrah Duronto,BSL,BHUSAVAL JN,2,0.2857142857142857,superfast,305.0
12261,Howrah Duronto,NGP,NAGPUR,4,0.5714285714285714,superfast,305.0
12261,Howrah Duronto,BSP,BILASPUR JN,5,0.7142857142857143,superfast,298.0
12261,Howrah Duronto,TATA,TATANAGAR JN,6,0.8571428571428571,superfast,530.0
12261,Howrah Duronto,HWH,HOWRAH JN,7,1.0,superfast,586.0
12262,Howrah Duronto,HWH,HOWRAH JN,0,0.0,superfast,92.0
12262,Howrah Duronto,TATA,TATANAGAR JN,1,0.14285714285714285,superfast,147.0
12262,Howrah Duronto,BSP,BILASPUR JN,2,0.2857142857142857,superfast,301.0
12262,Howrah Duronto,AK,AKOLA JN,4,0.5714285714285714,superfast,411.0
12262,Howrah Duronto,KYN,KALYAN JN,6,0.8571428571428571,superfast,482.0
12262,Howrah Duronto,CSMT,C SHIVAJI TERM MUMBAI,7,1.0,superfast,468.0
12301,Howrah Rajdhani,ASN,ASANSOL JN,1,0.125,superfast,16.0
12301,Howrah Rajdhani,DHN,DHANBAD JN,2,0.25,superfast,3.0
12301,Howrah Rajdhani,PNME,PARASNATH,3,0.375,superfast,6.0
12301,Howrah Rajdhani,DDU,PT DEEN DAYAL UPADHYAY JN,5,0.625,superfast,15.0
12301,Howrah Rajdhani,PRYJ,PRAYAGRAJ JN,6,0.75,superfast,15.0
12301,Howrah Rajdhani,CNB,KANPUR CENTRAL,7,0.875,superfast,19.0
12301,Howrah Rajdhani,NDLS,NEW DELHI,8,1.0,superfast,22.0
12302,Howrah Rajdhani,CNB,KANPUR CENTRAL,1,0.125,superfast,22.0
12302,Howrah Rajdhani,PRYJ,PRAYAGRAJ JN,2,0.25,superfast,22.0
12302,Howrah Rajdhani,DDU,PT DEEN DAYAL UPADHYAY JN,3,0.375,superfast,20.0
12302,Howrah Rajdhani,GAYA,GAYA JN,4,0.5,superfast,23.0
12302,Howrah Rajdhani,PNME,PARASNATH,5,0.625,superfast,34.0
12302,Howrah Rajdhani,DHN,DHANBAD JN,6,0.75,superfast,20.0
12302,Howrah Rajdhani,ASN,ASANSOL JN,7,0.875,superfast,40.0
12302,Howrah Rajdhani,HWH,HOWRAH JN,8,1.0,superfast,30.0
12305,Kolkata Rajdhani,HWH,HOWRAH JN,0,0.0,superfast,2.0
12305,Kolkata Rajdhani,BWN,BARDDHAMAN JN,1,0.125,superfast,19.0
12305,Kolkata Rajdhani,MDP,MADHUPUR JN,2,0.25,superfast,26.0
12305,Kolkata Rajdhani,PNBE,PATNA JN,4,0.5,superfast,2.0
12305,Kolkata Rajdhani,DDU,PT DEEN DAYAL UPADHYAY JN,5,0.625,superfast,11.0
12305,Kolkata Rajdhani,PRYJ,PRAYAGRAJ JN,6,0.75,superfast,12.0
12305,Kolkata Rajdhani,CNB,KANPUR CENTRAL,7,0.875,superfast,21.0
12305,Kolkata Rajdhani,NDLS,NEW DELHI,8,1.0,superfast,16.0
12306,Kolkata Rajdhani,NDLS,NEW DELHI,0,0.0,superfast,1.0
12306,Kolkata Rajdhani,CNB,KANPUR CENTRAL,1,0.125,superfast,4.0
12306,Kolkata Rajdhani,PRYJ,PRAYAGRAJ JN,2,0.25,superfast,4.0
12306,Kolkata Rajdhani,DDU,PT DEEN DAYAL UPADHYAY JN,3,0.375,superfast,0.0
12306,Kolkata Rajdhani,PNBE,PATNA JN,4,0.5,superfast,1.0
12306,Kolkata Rajdhani,JSME,JASIDIH JN,5,0.625,superfast,1.0
12306,Kolkata Rajdhani,MDP,MADHUPUR JN,6,0.75,superfast,2.0
12306,Kolkata Rajdhani,BWN,BARDDHAMAN JN,7,0.875,superfast,0.0
12313,Sealdah Rajdhani,SDAH,SEALDAH,0,0.0,superfast,0.0
12313,Sealdah Rajdhani,DGR,DURGAPUR,1,0.14285714285714285,superfast,8.0
12313,Sealdah Rajdhani,ASN,ASANSOL JN,2,0.2857142857142857,superfast,14.0
12313,Sealdah Rajdhani,DHN,DHANBAD JN,3,0.42857142857142855,superfast,2.0
12313,Sealdah Rajdhani,GAYA,GAYA JN,4,0.5714285714285714,superfast,9.0
12313,Sealdah Rajdhani,DDU,PT DEEN DAYAL UPADHYAY JN,5,0.7142857142857143,superfast,12.0
12313,Sealdah Rajdhani,CNB,KANPUR CENTRAL,6,0.8571428571428571,superfast,17.0
12313,Sealdah Rajdhani,NDLS,NEW DELHI,7,1.0,superfast,11.0
12314,Sealdah Rajdhani,NDLS,NEW DELHI,0,0.0,superfast,9.0
12314,Sealdah Rajdhani,CNB,KANPUR CENTRAL,1,0.14285714285714285,superfast,23.0
12314,Sealdah Rajdhani,GAYA,GAYA JN,3,0.42857142857142855,superfast,24.0
12314,Sealdah Rajdhani,DGR,DURGAPUR,6,0.8571428571428571,superfast,40.0
12314,Sealdah Rajdhani,SDAH,SEALDAH,7,1.0,superfast,19.0
12423,Dibrugarh Rajdhani,DBRG,DIBRUGARH,0,0.0,superfast,2.0
12423,Dibrugarh Rajdhani,NTSK,NEW TINSUKIA JN,1,0.043478260869565216,superfast,13.0
12423,Dibrugarh Rajdhani,MXN,MARIANI JN,2,0.08695652173913043,superfast,21.0
12423,Dibrugarh Rajdhani,DMV,DIMAPUR,3,0.13043478260869565,superfast,22.0
12423,Dibrugarh Rajdhani,LMG,LUMDING JN,5,0.21739130434782608,superfast,33.0
12423,Dibrugarh Rajdhani,GHY,GUWAHATI,7,0.30434782608695654,superfast,25.0
12423,Dibrugarh Rajdhani,NBQ,NEW BONGAIGAON,9,0.391304347826087,superfast,13.0
12423,Dibrugarh Rajdhani,KOJ,KOKRAJHAR,10,0.43478260869565216,superfast,19.0
12423,Dibrugarh Rajdhani,NCB,NEW COOCH BEHAR,11,0.4782608695652174,superfast,30.0
12423,Dibrugarh Rajdhani,NJP,NEW JALPAIGURI,12,0.5217391304347826,superfast,17.0
12423,Dibrugarh Rajdhani,KIR,KATIHAR JN,14,0.6086956521739131,superfast,5.0
12423,Dibrugarh Rajdhani,NNA,NAUGACHIA,15,0.6521739130434783,superfast,8.0
12423,Dibrugarh Rajdhani,MNE,MANSI JN,16,0.6956521739130435,superfast,15.0
12423,Dibrugarh Rajdhani,PPTA,PATLIPUTRA,18,0.782608695652174,superfast,7.0
12423,Dibrugarh Rajdhani,DNR,DANAPUR,19,0.8260869565217391,superfast,11.0
12423,Dibrugarh Rajdhani,DDU,PT DEEN DAYAL UPADHYAY JN,20,0.8695652173913043,superfast,10.0
12423,Dibrugarh Rajdhani,PRYJ,PRAYAGRAJ JN,21,0.9130434782608695,superfast,12.0
12423,Dibrugarh Rajdhani,CNB,KANPUR CENTRAL,22,0.9565217391304348,superfast,17.0
12423,Dibrugarh Rajdhani,NDLS,NEW DELHI,23,1.0,superfast,11.0
12424,Dibrugarh Rajdhani,CNB,KANPUR CENTRAL,1,0.043478260869565216,superfast,13.0
12424,Dibrugarh Rajdhani,PRYJ,PRAYAGRAJ JN,2,0.08695652173913043,superfast,17.0
12424,Dibrugarh Rajdhani,DDU,PT DEEN DAYAL UPADHYAY JN,3,0.13043478260869565,superfast,8.0
12424,Dibrugarh Rajdhani,PPTA,PATLIPUTRA,5,0.21739130434782608,superfast,9.0
12424,Dibrugarh Rajdhani,BJU,BARAUNI JN,6,0.2608695652173913,superfast,7.0
12424,Dibrugarh Rajdhani,MNE,MANSI JN,7,0.30434782608695654,superfast,17.0
12424,Dibrugarh Rajdhani,NNA,NAUGACHIA,8,0.34782608695652173,superfast,21.0
12424,Dibrugarh Rajdhani,KIR,KATIHAR JN,9,0.391304347826087,superfast,15.0
12424,Dibrugarh Rajdhani,NJP,NEW JALPAIGURI,11,0.4782608695652174,superfast,24.0
12424,Dibrugarh Rajdhani,NCB,NEW COOCH BEHAR,12,0.5217391304347826,superfast,15.0
12424,Dibrugarh Rajdhani,KOJ,KOKRAJHAR,13,0.5652173913043478,superfast,30.0
12424,Dibrugarh Rajdhani,NBQ,NEW BONGAIGAON,14,0.6086956521739131,superfast,19.0
12424,Dibrugarh Rajdhani,RNY,RANGIYA JN,15,0.6521739130434783,superfast,34.0
12424,Dibrugarh Rajdhani,GHY,GUWAHATI,16,0.6956521739130435,superfast,30.0
12424,Dibrugarh Rajdhani,LMG,LUMDING JN,18,0.782608695652174,superfast,23.0
12424,Dibrugarh Rajdhani,DPU,DIPHU,19,0.8260869565217391,superfast,26.0
12424,Dibrugarh Rajdhani,MXN,MARIANI JN,21,0.9130434782608695,superfast,27.0
12424,Dibrugarh Rajdhani,NTSK,NEW TINSUKIA JN,22,0.9565217391304348,superfast,49.0
12424,Dibrugarh Rajdhani,DBRG,DIBRUGARH,23,1.0,superfast,15.0
12953,August Kranti Rajdhani,MMCT,MUMBAI CENTRAL,0,0.0,superfast,1.0
12953,August Kranti Rajdhani,BVI,BORIVALI,1,0.08333333333333333,superfast,9.0
12953,August Kranti Rajdhani,VAPI,VAPI,2,0.16666666666666666,superfast,14.0
12953,August Kranti Rajdhani,BL,VALSAD,3,0.25,superfast,11.0
12953,August Kranti Rajdhani,ST,SURAT,4,0.3333333333333333,superfast,7.0
12953,August Kranti Rajdhani,BRC,VADODARA JN,6,0.5,superfast,10.0
12953,August Kranti Rajdhani,DHD,DAHOD,7,0.5833333333333334,superfast,13.0
12953,August Kranti Rajdhani,RTM,RATLAM JN,8,0.6666666666666666,superfast,10.0
12953,August Kranti Rajdhani,KOTA,KOTA JN,9,0.75,superfast,9.0
12953,August Kranti Rajdhani,SWM,SAWAI MADHOPUR,10,0.8333333333333334,superfast,15.0
12953,August Kranti Rajdhani,MTJ,MATHURA JN,11,0.9166666666666666,superfast,8.0
12953,August Kranti Rajdhani,NZM,H NIZAMUDDIN,12,1.0,superfast,7.0
12954,August Kranti Rajdhani,NZM,H NIZAMUDDIN,0,0.0,superfast,0.0
12954,August Kranti Rajdhani,MTJ,MATHURA JN,1,0.08333333333333333,superfast,6.0
12954,August Kranti Rajdhani,SWM,SAWAI MADHOPUR,2,0.16666666666666666,superfast,13.0
12954,August Kranti Rajdhani,KOTA,KOTA JN,3,0.25,superfast,23.0
12954,August Kranti Rajdhani,RTM,RATLAM JN,4,0.3333333333333333,superfast,20.0
12954,August Kranti Rajdhani,BH,BHARUCH JN,7,0.5833333333333334,superfast,15.0
12954,August Kranti Rajdhani,ST,SURAT,8,0.6666666666666666,superfast,14.0
12954,August Kranti Rajdhani,BL,VALSAD,9,0.75,superfast,14.0
12954,August Kranti Rajdhani,VAPI,VAPI,10,0.8333333333333334,superfast,23.0
12954,August Kranti Rajdhani,BVI,BORIVALI,11,0.9166666666666666,superfast,29.0
12954,August Kranti Rajdhani,MMCT,MUMBAI CENTRAL,12,1.0,superfast,16.0
12957,Swarna Jayanti Rajdhani,SBIB,SABARMATI BG,0,0.0,superfast,7.0
12957,Swarna Jayanti Rajdhani,MSH,MAHESANA JN,1,0.1111111111111111,superfast,8.0
12957,Swarna Jayanti Rajdhani,ABR,ABU ROAD,3,0.3333333333333333,superfast,8.0
12957,Swarna Jayanti Rajdhani,FA,FALNA,4,0.4444444444444444,superfast,6.0
12957,Swarna Jayanti Rajdhani,AII,AJMER JN,5,0.5555555555555556,superfast,6.0
12957,Swarna Jayanti Rajdhani,JP,JAIPUR,6,0.6666666666666666,superfast,7.0
12957,Swarna Jayanti Rajdhani,GGN,GURGAON,7,0.7777777777777778,superfast,14.0
12957,Swarna Jayanti Rajdhani,DEC,DELHI CANTT,8,0.8888888888888888,superfast,15.0
12958,Swarna Jayanti Rajdhani,DEC,DELHI CANTT,1,0.1111111111111111,superfast,4.0
12958,Swarna Jayanti Rajdhani,GGN,GURGAON,2,0.2222222222222222,superfast,7.0
12958,Swarna Jayanti Rajdhani,AII,AJMER JN,4,0.4444444444444444,superfast,16.0
12958,Swarna Jayanti Rajdhani,FA,FALNA,5,0.5555555555555556,superfast,16.0
12958,Swarna Jayanti Rajdhani,ABR,ABU ROAD,6,0.6666666666666666,superfast,10.0
12958,Swarna Jayanti Rajdhani,PNU,PALANPUR JN,7,0.7777777777777778,superfast,4.0
12958,Swarna Jayanti Rajdhani,MSH,MAHESANA JN,8,0.8888888888888888,superfast,6.0
22221,Mumbai Vande Bharat,CSMT,C SHIVAJI TERM MUMBAI,0,0.0,other,1.0
22221,Mumbai Vande Bharat,KYN,KALYAN JN,1,0.1111111111111111,other,9.0
22221,Mumbai Vande Bharat,BSL,BHUSAVAL JN,4,0.4444444444444444,other,12.0
22221,Mumbai Vande Bharat,BPL,BHOPAL JN,5,0.5555555555555556,other,12.0
22221,Mumbai Vande Bharat,VGLJ,V LAKSHMIBAI JHANSI,6,0.6666666666666666,other,9.0
22221,Mumbai Vande Bharat,GWL,GWALIOR,7,0.7777777777777778,other,14.0
22222,Mumbai Vande Bharat,NZM,H NIZAMUDDIN,0,0.0,other,1.0
22222,Mumbai Vande Bharat,AGC,AGRA CANTT,1,0.1111111111111111,other,16.0
22222,Mumbai Vande Bharat,GWL,GWALIOR,2,0.2222222222222222,other,13.0
22222,Mumbai Vande Bharat,VGLJ,V LAKSHMIBAI JHANSI,3,0.3333333333333333,other,5.0
22222,Mumbai Vande Bharat,BPL,BHOPAL JN,4,0.4444444444444444,other,23.0
22222,Mumbai Vande Bharat,BSL,BHUSAVAL JN,5,0.5555555555555556,other,22.0
22222,Mumbai Vande Bharat,JL,JALGAON JN,6,0.6666666666666666,other,25.0
22222,Mumbai Vande Bharat,NK,NASIK ROAD,7,0.7777777777777778,other,23.0
22222,Mumbai Vande Bharat,KYN,KALYAN JN,8,0.8888888888888888,other,22.0
22225,Chennai Vande Bharat,CSMT,C SHIVAJI TERM MUMBAI,0,0.0,other,2.0
22225,Chennai Vande Bharat,DR,DADAR,1,0.16666666666666666,other,5.0
22225,Chennai Vande Bharat,TNA,THANE,2,0.3333333333333333,other,6.0
22225,Chennai Vande Bharat,KYN,KALYAN JN,3,0.5,other,12.0
22225,Chennai Vande Bharat,PUNE,PUNE JN,4,0.6666666666666666,other,16.0
22225,Chennai Vande Bharat,KWV,KURDUVADI,5,0.8333333333333334,other,16.0
22225,Chennai Vande Bharat,SUR,SOLAPUR JN,6,1.0,other,3.0
22226,Chennai Vande Bharat,SUR,SOLAPUR JN,0,0.0,other,1.0
22226,Chennai Vande Bharat,KWV,KURDUVADI,1,0.16666666666666666,other,6.0
22226,Chennai Vande Bharat,PUNE,PUNE JN,2,0.3333333333333333,other,5.0
22226,Chennai Vande Bharat,TNA,THANE,4,0.6666666666666666,other,18.0
22226,Chennai Vande Bharat,DR,DADAR,5,0.8333333333333334,other,19.0
22226,Chennai Vande Bharat,CSMT,C SHIVAJI TERM MUMBAI,6,1.0,other,13.0
11013,Coimbatore Express,TNA,THANE,1,0.034482758620689655,other,26.0
11013,Coimbatore Express,KYN,KALYAN JN,2,0.06896551724137931,other,30.0
11013,Coimbatore Express,KWV,KURDUVADI,4,0.13793103448275862,other,60.0
11013,Coimbatore Express,SUR,SOLAPUR JN,5,0.1724137931034483,other,51.0
11013,Coimbatore Express,DUD,DUDHANI,6,0.20689655172413793,other,63.0
11013,Coimbatore Express,GUR,GANAGAPUR ROAD,7,0.2413793103448276,other,67.0
11013,Coimbatore Express,KLBG,KALABURAGI JN,8,0.27586206896551724,other,66.0
11013,Coimbatore Express,SDB,SHAHABAD,9,0.3103448275862069,other,54.0
11013,Coimbatore Express,WADI,WADI,10,0.3448275862068966,other,26.0
11013,Coimbatore Express,YG,YADGIR,11,0.3793103448275862,other,31.0
11013,Coimbatore Express,KSN,KRISHNA,12,0.41379310344827586,other,29.0
11013,Coimbatore Express,RC,RAICHUR,13,0.4482758620689655,other,28.0
11013,Coimbatore Express,MALM,MANTHRALAYAM RD,14,0.4827586206896552,other,31.0
11013,Coimbatore Express,AD,ADONI,15,0.5172413793103449,other,36.0
11013,Coimbatore Express,GTL,GUNTAKAL JN,16,0.5517241379310345,other,29.0
11013,Coimbatore Express,ATP,ANANTAPUR,17,0.5862068965517241,other,28.0
11013,Coimbatore Express,DMM,DHARMAVARAM JN,18,0.6206896551724138,other,18.0
11013,Coimbatore Express,BNC,BANGALORE CANT,22,0.7586206896551724,other,30.0
11013,Coimbatore Express,SBC,KSR BANGALORE CY JN,23,0.7931034482758621,other,14.0
11013,Coimbatore Express,DPJ,DHARMAPURI,25,0.8620689655172413,other,61.0
11013,Coimbatore Express,ED,ERODE JN,27,0.9310344827586207,other,26.0
11013,Coimbatore Express,TUP,TIRUPPUR,28,0.9655172413793104,other,31.0
11014,Coimbatore Express,CBE,COIMBATORE JN,0,0.0,other,1.0
11014,Coimbatore Express,ED,ERODE JN,2,0.06666666666666667,other,9.0
11014,Coimbatore Express,SA,SALEM JN,3,0.1,other,14.0
11014,Coimbatore Express,DPJ,DHARMAPURI,4,0.13333333333333333,other,23.0
11014,Coimbatore Express,HSRA,HOSUR,5,0.16666666666666666,other,31.0
11014,Coimbatore Express,BNC,BANGALORE CANT,6,0.2,other,34.0
11014,Coimbatore Express,SBC,KSR BANGALORE CY JN,7,0.23333333333333334,other,36.0
11014,Coimbatore Express,GBD,GAURIBIDANUR,8,0.26666666666666666,other,50.0
11014,Coimbatore Express,HUP,HINDUPUR,9,0.3,other,40.0
11014,Coimbatore Express,SSPN,SAI P NILAYAM,10,0.3333333333333333,other,24.0
11014,Coimbatore Express,ATP,ANANTAPUR,12,0.4,other,19.0
11014,Coimbatore Express,GTL,GUNTAKAL JN,13,0.43333333333333335,other,39.0
11014,Coimbatore Express,AD,ADONI,14,0.4666666666666667,other,40.0
11014,Coimbatore Express,MALM,MANTHRALAYAM RD,15,0.5,other,32.0
11014,Coimbatore Express,YG,YADGIR,18,0.6,other,39.0
11014,Coimbatore Express,WADI,WADI,19,0.6333333333333333,other,13.0
11014,Coimbatore Express,SDB,SHAHABAD,20,0.6666666666666666,other,14.0
11014,Coimbatore Express,KLBG,KALABURAGI JN,21,0.7,other,19.0
11014,Coimbatore Express,GUR,GANAGAPUR ROAD,22,0.7333333333333333,other,20.0
11014,Coimbatore Express,SUR,SOLAPUR JN,24,0.8,other,27.0
11014,Coimbatore Express,KWV,KURDUVADI,25,0.8333333333333334,other,37.0
11014,Coimbatore Express,DD,DAUND JN,26,0.8666666666666667,other,8.0
11014,Coimbatore Express,PUNE,PUNE JN,27,0.9,other,20.0
11014,Coimbatore Express,KYN,KALYAN JN,28,0.9333333333333333,other,60.0
11014,Coimbatore Express,TNA,THANE,29,0.9666666666666667,other,61.0
11014,Coimbatore Express,LTT,LOKMANYATILAK T,30,1.0,other,44.0
11027,Mumbai Chennai Mail,DR,DADAR,0,0.0,other,1.0
11027,Mumbai Chennai Mail,TNA,THANE,1,0.03571428571428571,other,3.0
11027,Mumbai Chennai Mail,KYN,KALYAN JN,2,0.07142857142857142,other,14.0
11027,Mumbai Chennai Mail,LNL,LONAVALA,3,0.10714285714285714,other,17.0
11027,Mumbai Chennai Mail,TGN,TALEGAON,4,0.14285714285714285,other,20.0
11027,Mumbai Chennai Mail,CCH,CHINCHVAD,5,0.17857142857142858,other,18.0
11027,Mumbai Chennai Mail,PUNE,PUNE JN,6,0.21428571428571427,other,21.0
11027,Mumbai Chennai Mail,URI,URULI,7,0.25,other,28.0
11027,Mumbai Chennai Mail,KDG,KEDGAON,8,0.2857142857142857,other,31.0
11027,Mumbai Chennai Mail,DD,DAUND JN,9,0.32142857142857145,other,27.0
11027,Mumbai Chennai Mail,BGVN,BHIGWAN,10,0.35714285714285715,other,29.0
11027,Mumbai Chennai Mail,JEUR,JEUR,11,0.39285714285714285,other,41.0
11027,Mumbai Chennai Mail,KEM,KEM,12,0.42857142857142855,other,44.0
11027,Mumbai Chennai Mail,KWV,KURDUVADI,13,0.4642857142857143,other,46.0
11027,Mumbai Chennai Mail,SGLA,SANGOLA,15,0.5357142857142857,other,35.0
11027,Mumbai Chennai Mail,MSDG,MHASODA DONGAR,16,0.5714285714285714,other,34.0
11027,Mumbai Chennai Mail,JTRD,JATH ROAD,17,0.6071428571428571,other,44.0
11027,Mumbai Chennai Mail,DLGN,DHALGAON,18,0.6428571428571429,other,51.0
11027,Mumbai Chennai Mail,KVK,KAVATHE MAHANKL,19,0.6785714285714286,other,55.0
11027,Mumbai Chennai Mail,MRJ,MIRAJ JN,20,0.7142857142857143,other,12.0
11027,Mumbai Chennai Mail,SLI,SANGLI,21,0.75,other,16.0
11027,Mumbai Chennai Mail,BVQ,BHILAVDI,22,0.7857142857142857,other,18.0
11027,Mumbai Chennai Mail,KOV,KIRLOSKARVADI,23,0.8214285714285714,other,19.0
11027,Mumbai Chennai Mail,TKR,TAKARI,24,0.8571428571428571,other,21.0
11027,Mumbai Chennai Mail,KRD,KARAD,25,0.8928571428571429,other,26.0
11027,Mumbai Chennai Mail,MSR,MASUR,26,0.9285714285714286,other,29.0
11027,Mumbai Chennai Mail,KRG,KOREGAON,27,0.9642857142857143,other,38.0
11027,Mumbai Chennai Mail,STR,SATARA,28,1.0,other,2.0
11028,Mumbai Chennai Mail,STR,SATARA,0,0.0,other,0.0
11028,Mumbai Chennai Mail,KRG,KOREGAON,1,0.03571428571428571,other,13.0
11028,Mumbai Chennai Mail,MSR,MASUR,2,0.07142857142857142,other,21.0
11028,Mumbai Chennai Mail,KRD,KARAD,3,0.10714285714285714,other,19.0
11028,Mumbai Chennai Mail,TKR,TAKARI,4,0.14285714285714285,other,11.0
11028,Mumbai Chennai Mail,KOV,KIRLOSKARVADI,5,0.17857142857142858,other,8.0
11028,Mumbai Chennai Mail,BVQ,BHILAVDI,6,0.21428571428571427,other,7.0
11028,Mumbai Chennai Mail,SLI,SANGLI,7,0.25,other,6.0
11028,Mumbai Chennai Mail,KVK,KAVATHE MAHANKL,9,0.32142857142857145,other,8.0
11028,Mumbai Chennai Mail,JTRD,JATH ROAD,11,0.39285714285714285,other,20.0
11028,Mumbai Chennai Mail,SGLA,SANGOLA,13,0.4642857142857143,other,26.0
11028,Mumbai Chennai Mail,PVR,PANDHARPUR,14,0.5,other,5.0
11028,Mumbai Chennai Mail,KWV,KURDUVADI,15,0.5357142857142857,other,33.0
11028,Mumbai Chennai Mail,KEM,KEM,16,0.5714285714285714,other,26.0
11028,Mumbai Chennai Mail,JEUR,JEUR,17,0.6071428571428571,other,30.0
11028,Mumbai Chennai Mail,BGVN,BHIGWAN,18,0.6428571428571429,other,13.0
11028,Mumbai Chennai Mail,DD,DAUND JN,19,0.6785714285714286,other,6.0
11028,Mumbai Chennai Mail,KDG,KEDGAON,20,0.7142857142857143,other,10.0
11028,Mumbai Chennai Mail,URI,URULI,21,0.75,other,15.0
11028,Mumbai Chennai Mail,PUNE,PUNE JN,22,0.7857142857142857,other,18.0
11028,Mumbai Chennai Mail,TGN,TALEGAON,24,0.8571428571428571,other,29.0
11028,Mumbai Chennai Mail,LNL,LONAVALA,25,0.8928571428571429,other,10.0
11028,Mumbai Chennai Mail,KYN,KALYAN JN,26,0.9285714285714286,other,29.0
11028,Mumbai Chennai Mail,TNA,THANE,27,0.9642857142857143,other,29.0
11028,Mumbai Chennai Mail,DR,DADAR,28,1.0,other,15.0
12367,Vikramshila Express,BGP,BHAGALPUR,0,0.0,superfast,8.0
12367,Vikramshila Express,SGG,SULTANGANJ,1,0.043478260869565216,superfast,12.0
12367,Vikramshila Express,BUP,BARIARPUR,2,0.08695652173913043,superfast,11.0
12367,Vikramshila Express,JMP,JAMALPUR JN,3,0.13043478260869565,superfast,16.0
12367,Vikramshila Express,DRH,DHARHARA,4,0.17391304347826086,superfast,18.0
12367,Vikramshila Express,AHA,ABHAIPUR,5,0.21739130434782608,superfast,18.0
12367,Vikramshila Express,KJH,KAJRA,6,0.2608695652173913,superfast,20.0
12367,Vikramshila Express,KIUL,KIUL JN,7,0.30434782608695654,superfast,14.0
12367,Vikramshila Express,BRYA,BARHIYA,9,0.391304347826087,superfast,21.0
12367,Vikramshila Express,HTZ,HATHIDAH JN,10,0.43478260869565216,superfast,24.0
12367,Vikramshila Express,MKA,MOKAMEH JN,11,0.4782608695652174,superfast,30.0
12367,Vikramshila Express,BARH,BARH,12,0.5217391304347826,superfast,38.0
12367,Vikramshila Express,BKP,BAKHTIYARPUR JN,13,0.5652173913043478,superfast,41.0
12367,Vikramshila Express,FUT,FATUHA JN,15,0.6521739130434783,superfast,48.0
12367,Vikramshila Express,PNC,PATNA SAHEB,16,0.6956521739130435,superfast,48.0
12367,Vikramshila Express,PNBE,PATNA JN,17,0.7391304347826086,superfast,38.0
12367,Vikramshila Express,ARA,ARA,18,0.782608695652174,superfast,55.0
12367,Vikramshila Express,BXR,BUXAR,19,0.8260869565217391,superfast,65.0
12367,Vikramshila Express,CNB,KANPUR CENTRAL,22,0.9565217391304348,superfast,53.0
12367,Vikramshila Express,ANVT,ANAND VIHAR TRM,23,1.0,superfast,37.0
12368,Vikramshila Express,BXR,BUXAR,3,0.13636363636363635,superfast,30.0
12368,Vikramshila Express,ARA,ARA,4,0.18181818181818182,superfast,35.0
12368,Vikramshila Express,PNBE,PATNA JN,5,0.22727272727272727,superfast,54.0
12368,Vikramshila Express,PNC,PATNA SAHEB,6,0.2727272727272727,superfast,56.0
12368,Vikramshila Express,FUT,FATUHA JN,7,0.3181818181818182,superfast,63.0
12368,Vikramshila Express,KOO,KHUSROPUR,8,0.36363636363636365,superfast,64.0
12368,Vikramshila Express,BARH,BARH,10,0.45454545454545453,superfast,67.0
12368,Vikramshila Express,MKA,MOKAMEH JN,11,0.5,superfast,71.0
12368,Vikramshila Express,BRYA,BARHIYA,13,0.5909090909090909,superfast,75.0
12368,Vikramshila Express,LKR,LUCKEESARAI JN,14,0.6363636363636364,superfast,67.0
12368,Vikramshila Express,KIUL,KIUL JN,15,0.6818181818181818,superfast,24.0
12368,Vikramshila Express,AHA,ABHAIPUR,17,0.7727272727272727,superfast,26.0
12368,Vikramshila Express,DRH,DHARHARA,18,0.8181818181818182,superfast,26.0
12368,Vikramshila Express,JMP,JAMALPUR JN,19,0.8636363636363636,superfast,34.0
12368,Vikramshila Express,BUP,BARIARPUR,20,0.9090909090909091,superfast,41.0
12368,Vikramshila Express,SGG,SULTANGANJ,21,0.9545454545454546,superfast,34.0
12368,Vikramshila Express,BGP,BHAGALPUR,22,1.0,superfast,10.0
15959,Kamrup Express,BDC,BANDEL JN,1,0.017857142857142856,express,8.0
15959,Kamrup Express,ABKA,AMBIKA KALNA,2,0.03571428571428571,express,13.0
15959,Kamrup Express,KWAE,KATWA,4,0.07142857142857142,express,10.0
15959,Kamrup Express,SALE,SALAR,5,0.08928571428571429,express,14.0
15959,Kamrup Express,AZ,AZIMGANJ JN,7,0.125,express,9.0
15959,Kamrup Express,JRLE,JANGIPUR ROAD,8,0.14285714285714285,express,8.0
15959,Kamrup Express,NILE,NIMTITA,9,0.16071428571428573,express,12.0
15959,Kamrup Express,DGLE,DHULIAN GANGA,10,0.17857142857142858,express,13.0
15959,Kamrup Express,NFK,NEW FARAKKA JN,11,0.19642857142857142,express,9.0
15959,Kamrup Express,MLDT,MALDA TOWN,12,0.21428571428571427,express,8.0
15959,Kamrup Express,SM,SAMSI,13,0.23214285714285715,express,10.0
15959,Kamrup Express,HCR,HARISCHANDRPUR,14,0.25,express,11.0
15959,Kamrup Express,AUB,ALUABARI ROAD,17,0.30357142857142855,express,34.0
15959,Kamrup Express,NJP,NEW JALPAIGURI,18,0.32142857142857145,express,17.0
15959,Kamrup Express,JPE,JALPAIGURI ROAD,19,0.3392857142857143,express,13.0
15959,Kamrup Express,NMX,NEW MAYNAGURI,20,0.35714285714285715,express,21.0
15959,Kamrup Express,DQG,DHUPGURI,21,0.375,express,19.0
15959,Kamrup Express,FLK,FALAKATA,22,0.39285714285714285,express,13.0
15959,Kamrup Express,NCB,NEW COOCH BEHAR,23,0.4107142857142857,express,13.0
15959,Kamrup Express,NOQ,NEW ALIPURDAUR,24,0.42857142857142855,express,12.0
15959,Kamrup Express,KAMG,KAMAKHYAGURI,25,0.44642857142857145,express,18.0
15959,Kamrup Express,FKM,FAKIRAGRAM JN,27,0.48214285714285715,express,37.0
15959,Kamrup Express,KOJ,KOKRAJHAR,28,0.5,express,35.0
15959,Kamrup Express,NBQ,NEW BONGAIGAON,29,0.5178571428571429,express,17.0
15959,Kamrup Express,BNGN,BONGAIGAON,30,0.5357142857142857,express,20.0
15959,Kamrup Express,SBE,SORBHOG JN,31,0.5535714285714286,express,23.0
15959,Kamrup Express,BPRD,BARPETA ROAD,32,0.5714285714285714,express,24.0
15959,Kamrup Express,PBL,PATHSALA,33,0.5892857142857143,express,27.0
15959,Kamrup Express,TIHU,TIHU,34,0.6071428571428571,express,28.0
15959,Kamrup Express,NLV,NALBARI,35,0.625,express,30.0
15959,Kamrup Express,RNY,RANGIYA JN,36,0.6428571428571429,express,26.0
15959,Kamrup Express,KYQ,KAMAKHYA,37,0.6607142857142857,express,23.0
15959,Kamrup Express,GHY,GUWAHATI,38,0.6785714285714286,express,32.0
15959,Kamrup Express,CPK,CHAPARMUKH JN,39,0.6964285714285714,express,35.0
15959,Kamrup Express,HJI,HOJAI,40,0.7142857142857143,express,37.0
15959,Kamrup Express,LKA,LANKA,41,0.7321428571428571,express,36.0
15959,Kamrup Express,LMG,LUMDING JN,42,0.75,express,47.0
15959,Kamrup Express,DPU,DIPHU,43,0.7678571428571429,express,48.0
15959,Kamrup Express,DMV,DIMAPUR,44,0.7857142857142857,express,49.0
15959,Kamrup Express,SZR,SARUPATHAR,45,0.8035714285714286,express,47.0
15959,Kamrup Express,BXP,BARPATHAR,46,0.8214285714285714,express,48.0
15959,Kamrup Express,FKG,FURKATING JN,47,0.8392857142857143,express,21.0
15959,Kamrup Express,MXN,MARIANI JN,48,0.8571428571428571,express,39.0
15959,Kamrup Express,AGI,AMGURI,49,0.875,express,46.0
15959,Kamrup Express,SLGR,SIMALUGURI JN,50,0.8928571428571429,express,42.0
15959,Kamrup Express,BOJ,BHOJO,51,0.9107142857142857,express,51.0
15959,Kamrup Express,NAM,NAMRUP,52,0.9285714285714286,express,54.0
15959,Kamrup Express,NHK,NAHARKATIYA,53,0.9464285714285714,express,56.0
15959,Kamrup Express,DJG,DULIAJAN,54,0.9642857142857143,express,56.0
15959,Kamrup Express,NTSK,NEW TINSUKIA JN,55,0.9821428571428571,express,53.0
15959,Kamrup Express,DBRG,DIBRUGARH,56,1.0,express,17.0
15960,Kamrup Express,NTSK,NEW TINSUKIA JN,1,0.017857142857142856,express,15.0
15960,Kamrup Express,DJG,DULIAJAN,2,0.03571428571428571,express,18.0
15960,Kamrup Express,NHK,NAHARKATIYA,3,0.05357142857142857,express,23.0
15960,Kamrup Express,NAM,NAMRUP,4,0.07142857142857142,express,20.0
15960,Kamrup Express,BOJ,BHOJO,5,0.08928571428571429,express,29.0
15960,Kamrup Express,SLGR,SIMALUGURI JN,6,0.10714285714285714,express,44.0
15960,Kamrup Express,AGI,AMGURI,7,0.125,express,50.0
15960,Kamrup Express,MXN,MARIANI JN,8,0.14285714285714285,express,34.0
15960,Kamrup Express,FKG,FURKATING JN,9,0.16071428571428573,express,8.0
15960,Kamrup Express,BXP,BARPATHAR,10,0.17857142857142858,express,11.0
15960,Kamrup Express,SZR,SARUPATHAR,11,0.19642857142857142,express,13.0
15960,Kamrup Express,DMV,DIMAPUR,12,0.21428571428571427,express,20.0
15960,Kamrup Express,LMG,LUMDING JN,14,0.25,express,23.0
15960,Kamrup Express,LKA,LANKA,15,0.26785714285714285,express,19.0
15960,Kamrup Express,HJI,HOJAI,16,0.2857142857142857,express,21.0
15960,Kamrup Express,CPK,CHAPARMUKH JN,17,0.30357142857142855,express,25.0
15960,Kamrup Express,KYQ,KAMAKHYA,19,0.3392857142857143,express,35.0
15960,Kamrup Express,NLV,NALBARI,21,0.375,express,23.0
15960,Kamrup Express,TIHU,TIHU,22,0.39285714285714285,express,26.0
15960,Kamrup Express,PBL,PATHSALA,23,0.4107142857142857,express,30.0
15960,Kamrup Express,BPRD,BARPETA ROAD,24,0.42857142857142855,express,31.0
15960,Kamrup Express,SBE,SORBHOG JN,25,0.44642857142857145,express,35.0
15960,Kamrup Express,BNGN,BONGAIGAON,26,0.4642857142857143,express,41.0
15960,Kamrup Express,NBQ,NEW BONGAIGAON,27,0.48214285714285715,express,28.0
15960,Kamrup Express,KOJ,KOKRAJHAR,28,0.5,express,32.0
15960,Kamrup Express,FKM,FAKIRAGRAM JN,29,0.5178571428571429,express,35.0
15960,Kamrup Express,KAMG,KAMAKHYAGURI,31,0.5535714285714286,express,39.0
15960,Kamrup Express,NOQ,NEW ALIPURDAUR,32,0.5714285714285714,express,37.0
15960,Kamrup Express,NCB,NEW COOCH BEHAR,33,0.5892857142857143,express,43.0
15960,Kamrup Express,DQG,DHUPGURI,35,0.625,express,46.0
15960,Kamrup Express,NMX,NEW MAYNAGURI,36,0.6428571428571429,express,46.0
15960,Kamrup Express,JPE,JALPAIGURI ROAD,37,0.6607142857142857,express,48.0
15960,Kamrup Express,NJP,NEW JALPAIGURI,38,0.6785714285714286,express,28.0
15960,Kamrup Express,AUB,ALUABARI ROAD,39,0.6964285714285714,express,36.0
15960,Kamrup Express,KNE,KISHANGANJ,40,0.7142857142857143,express,37.0
15960,Kamrup Express,SM,SAMSI,43,0.7678571428571429,express,49.0
15960,Kamrup Express,MLDT,MALDA TOWN,44,0.7857142857142857,express,36.0
15960,Kamrup Express,NFK,NEW FARAKKA JN,45,0.8035714285714286,express,37.0
15960,Kamrup Express,DGLE,DHULIAN GANGA,46,0.8214285714285714,express,37.0
15960,Kamrup Express,NILE,NIMTITA,47,0.8392857142857143,express,40.0
15960,Kamrup Express,JRLE,JANGIPUR ROAD,48,0.8571428571428571,express,41.0
15960,Kamrup Express,AZ,AZIMGANJ JN,49,0.875,express,33.0
15960,Kamrup Express,KGLE,KHAGRAGHAT ROAD,50,0.8928571428571429,express,38.0
15960,Kamrup Express,SALE,SALAR,51,0.9107142857142857,express,45.0
15960,Kamrup Express,NDAE,NABADWIP DHAM,53,0.9464285714285714,express,36.0
15960,Kamrup Express,ABKA,AMBIKA KALNA,54,0.9642857142857143,express,38.0
15960,Kamrup Express,BDC,BANDEL JN,55,0.9821428571428571,express,38.0
15960,Kamrup Express,HWH,HOWRAH JN,56,1.0,express,5.0
12201,Garib Rath,LTT,LOKMANYATILAK T,0,0.0,superfast,4.0
12201,Garib Rath,TNA,THANE,1,0.043478260869565216,superfast,11.0
12201,Garib Rath,PNVL,PANVEL,2,0.08695652173913043,superfast,13.0
12201,Garib Rath,RN,RATNAGIRI,3,0.13043478260869565,superfast,58.0
12201,Garib Rath,MAO,MADGAON,4,0.17391304347826086,superfast,41.0
12201,Garib Rath,KAWR,KARWAR,5,0.21739130434782608,superfast,51.0
12201,Garib Rath,ANKL,ANKOLA,6,0.2608695652173913,superfast,53.0
12201,Garib Rath,BYNR,MOOKAMBIKA ROAD,7,0.30434782608695654,superfast,20.0
12201,Garib Rath,UD,UDUPI,8,0.34782608695652173,superfast,24.0
12201,Garib Rath,KGQ,KASARAGOD,10,0.43478260869565216,superfast,23.0
12201,Garib Rath,CAN,KANNUR,11,0.4782608695652174,superfast,26.0
12201,Garib Rath,CLT,KOZHIKODE,12,0.5217391304347826,superfast,18.0
12201,Garib Rath,TIR,TIRUR,13,0.5652173913043478,superfast,23.0
12201,Garib Rath,SRR,SHORANUR JN,14,0.6086956521739131,superfast,21.0
12201,Garib Rath,TCR,THRISUR,15,0.6521739130434783,superfast,21.0
12201,Garib Rath,KTYM,KOTTAYAM,17,0.7391304347826086,superfast,20.0
12201,Garib Rath,CGY,CHANGANASERI,18,0.782608695652174,superfast,20.0
12201,Garib Rath,KYJ,KAYANKULAM JN,21,0.9130434782608695,superfast,22.0
12202,Garib Rath,TVCN,TRIVANDRUM NORTH,0,0.0,superfast,1.0
12202,Garib Rath,QLN,KOLLAM JN,1,0.043478260869565216,superfast,8.0
12202,Garib Rath,KYJ,KAYANKULAM JN,2,0.08695652173913043,superfast,12.0
12202,Garib Rath,CNGR,CHENGANNUR,3,0.13043478260869565,superfast,14.0
12202,Garib Rath,TRVL,TIRUVALLA,4,0.17391304347826086,superfast,14.0
12202,Garib Rath,CGY,CHANGANASERI,5,0.21739130434782608,superfast,15.0
12202,Garib Rath,KTYM,KOTTAYAM,6,0.2608695652173913,superfast,18.0
12202,Garib Rath,ERN,ERNAKULAM TOWN,7,0.30434782608695654,superfast,11.0
12202,Garib Rath,TCR,THRISUR,8,0.34782608695652173,superfast,20.0
12202,Garib Rath,SRR,SHORANUR JN,9,0.391304347826087,superfast,13.0
12202,Garib Rath,TIR,TIRUR,10,0.43478260869565216,superfast,22.0
12202,Garib Rath,CLT,KOZHIKODE,11,0.4782608695652174,superfast,25.0
12202,Garib Rath,CAN,KANNUR,12,0.5217391304347826,superfast,50.0
12202,Garib Rath,KGQ,KASARAGOD,13,0.5652173913043478,superfast,55.0
12202,Garib Rath,MAJN,MANGALORE JN,14,0.6086956521739131,superfast,34.0
12202,Garib Rath,UD,UDUPI,15,0.6521739130434783,superfast,44.0
12202,Garib Rath,ANKL,ANKOLA,17,0.7391304347826086,superfast,45.0
12202,Garib Rath,KAWR,KARWAR,18,0.782608695652174,superfast,48.0
12202,Garib Rath,MAO,MADGAON,19,0.8260869565217391,superfast,35.0
12202,Garib Rath,RN,RATNAGIRI,20,0.8695652173913043,superfast,66.0
12202,Garib Rath,PNVL,PANVEL,21,0.9130434782608695,superfast,41.0
12202,Garib Rath,TNA,THANE,22,0.9565217391304348,superfast,45.0
12202,Garib Rath,LTT,LOKMANYATILAK T,23,1.0,superfast,17.0
